<?xml version="1.0" encoding="UTF-8" standalone="yes"?>
<DartFile build="v1098" version="5.7.4">
    <Atmosphere isRadiativeTransfertInBottomAtmosphereDefined="0">
        <Aerosol>
            <AerosolProperties aerosolOptDepthFactor="1.0" databaseName="dart_atmosphere.db" hgParametersModelName="RURALV23" aerosolCumulativeModelName="RURALV23" aerosolsModelName="USSTD76_RURALV23"/>
        </Aerosol>
        <IsAtmosphere typeOfAtmosphere="1">
            <AtmosphericOpticalPropertyModel scaleOtherGases="0" co2MixRate="365.0" ignoreGasForExtrapolation="0" gasCumulativeModelName="USSTD76" gasGroup="1" gasModelName="USSTD76" redefTemperature="0" temperatureModelName="USSTD76" correctionBandModel="1" databaseName="dart_atmosphere.db" precipitableWaterAmountCkeckbox="0"/>
            <AtmosphereIterations>
                <AtmosphereTransfertFunctions inputOutputTransfertFunctions="0">
                    <ComputedTransferFunctions writeTransferFunctions="0"/>
                </AtmosphereTransfertFunctions>
                <AtmosphereProducts atmosphereReport="1" atmosphereBRF_TOA="0" ordreUnAtmos="0" atmosphereRadiance_BOA_apresCouplage="0" atmosphereRadiance_BOA_avantCouplage="0"/>
                <AtmosphereComponents downwardingFluxes="0" upwardingFluxes="0"/>
                <AtmosphereExpertModeZone extrapol_atmos="1" number_iterationMax="100" threshold_Atmos_scattering="1.0E-4"/>
            </AtmosphereIterations>
            <AtmosphereGeometry heightOfSensor="3000.0" discretisationAtmos="1" minimumNumberOfDivisions="4">
                <discretisationAtmosAuto yAI="400.0" gamma_atmos="0.95" xAI="400.0" epsilon_atmos="0.003"/>
            </AtmosphereGeometry>
        </IsAtmosphere>
    </Atmosphere>
</DartFile>
