<?xml version="1.0" encoding="UTF-8"?>
<DartFile build="v1061" version="5.7.0">
    <Coeff_diff fluorescenceFile="0" fluorescenceProducts="0">
        <LambertianMultiFunctions>
            <LambertianMulti ModelName="reflect_equal_1_trans_equal_0_0"
                databaseName="Lambertian_vegetation.db"
                ident="scene_white" roStDev="0.0"
                useMultiplicativeFactorForLUT="0" useSpecular="0">
                <ProspectExternalModule isFluorescent="0" useProspectExternalModule="0"/>
            </LambertianMulti>
            <LambertianMulti ModelName="betula_pendula_stem"
                databaseName="Lambertian_vegetation.db" ident="trunk"
                roStDev="0.0" useMultiplicativeFactorForLUT="0" useSpecular="0">
                <ProspectExternalModule isFluorescent="0" useProspectExternalModule="0"/>
            </LambertianMulti>
            <LambertianMulti ModelName="paint_black"
                databaseName="Lambertian_mineral.db" ident="scene_black"
                roStDev="0.0" useMultiplicativeFactorForLUT="0" useSpecular="0">
                <ProspectExternalModule isFluorescent="0" useProspectExternalModule="0"/>
            </LambertianMulti>
            <LambertianMulti ModelName="grass_rye"
                databaseName="Lambertian_vegetation.db"
                ident="scene_natural" roStDev="0.0"
                useMultiplicativeFactorForLUT="0" useSpecular="0">
                <ProspectExternalModule isFluorescent="0" useProspectExternalModule="0"/>
            </LambertianMulti>
        </LambertianMultiFunctions>
        <HapkeSpecularMultiFunctions/>
        <RPVMultiFunctions/>
        <UnderstoryMultiFunctions integrationStepOnPhi="10"
            integrationStepOnTheta="1" outputLADFile="0">
            <UnderstoryMulti ModelName="beech_middle"
                databaseName="Vegetation.db" dimFoliar="0.01"
                ident="leaf1" lad="1" useMultiplicativeFactorForLUT="0"
                useOpticalFactorMatrix="0" useSpecular="0">
                <DirectionalClumpingIndexProperties clumpinga="0.0"
                    clumpingb="0.0" omegaMax="0.0" omegaMin="1.0"/>
                <ProspectExternalModule isFluorescent="0" useProspectExternalModule="0"/>
            </UnderstoryMulti>
            <UnderstoryMulti ModelName="beech_middle"
                databaseName="Vegetation.db" dimFoliar="0.01"
                ident="leaf2" lad="0" useMultiplicativeFactorForLUT="0"
                useOpticalFactorMatrix="0" useSpecular="0">
                <DirectionalClumpingIndexProperties clumpinga="0.0"
                    clumpingb="0.0" omegaMax="0.0" omegaMin="1.0"/>
                <ProspectExternalModule isFluorescent="0" useProspectExternalModule="0"/>
            </UnderstoryMulti>
            <UnderstoryMulti ModelName="beech_middle"
                databaseName="Vegetation.db" dimFoliar="0.01"
                ident="leaf3" lad="7" useMultiplicativeFactorForLUT="0"
                useOpticalFactorMatrix="0" useSpecular="0">
                <DirectionalClumpingIndexProperties clumpinga="0.0"
                    clumpingb="0.0" omegaMax="0.0" omegaMin="1.0"/>
                <ProspectExternalModule isFluorescent="0" useProspectExternalModule="0"/>
            </UnderstoryMulti>
            <UnderstoryMulti ModelName="beech_middle"
                databaseName="Vegetation.db" dimFoliar="0.01"
                ident="leaf4" lad="6" useMultiplicativeFactorForLUT="0"
                useOpticalFactorMatrix="0" useSpecular="0">
                <DirectionalClumpingIndexProperties clumpinga="0.0"
                    clumpingb="0.0" omegaMax="0.0" omegaMin="1.0"/>
                <ProspectExternalModule isFluorescent="0" useProspectExternalModule="0"/>
            </UnderstoryMulti>
            <UnderstoryMulti ModelName="beech_middle"
                databaseName="Vegetation.db" dimFoliar="0.01"
                ident="leaf5" lad="8" useMultiplicativeFactorForLUT="0"
                useOpticalFactorMatrix="0" useSpecular="0">
                <DirectionalClumpingIndexProperties clumpinga="0.0"
                    clumpingb="0.0" omegaMax="0.0" omegaMin="1.0"/>
                <ProspectExternalModule isFluorescent="0" useProspectExternalModule="0"/>
                <Ellipsoidal ala="0.000"/>
            </UnderstoryMulti>
            <UnderstoryMulti ModelName="beech_middle"
                databaseName="Vegetation.db" dimFoliar="0.01"
                ident="leaf6" lad="4" useMultiplicativeFactorForLUT="0"
                useOpticalFactorMatrix="0" useSpecular="0">
                <DirectionalClumpingIndexProperties clumpinga="0.0"
                    clumpingb="0.0" omegaMax="0.0" omegaMin="1.0"/>
                <ProspectExternalModule isFluorescent="0" useProspectExternalModule="0"/>
            </UnderstoryMulti>
        </UnderstoryMultiFunctions>
        <AirMultiFunctions/>
        <Temperatures>
            <ThermalFunction deltaT="20.0"
                idTemperature="ThermalFunction290_310" meanT="300.0"
                override3DMatrix="0" singleTemperatureSurface="1" useOpticalFactorMatrix="0"/>
        </Temperatures>
    </Coeff_diff>
</DartFile>
