<?xml version="1.0" encoding="UTF-8" standalone="yes"?>
<DartFile build="v1098" version="5.7.4">
    <Maket useRandomGenerationSeed="1" exactlyPeriodicScene="1" dartZone="0">
        <Scene>
            <CellDimensions z="1.0" x="1.0"/>
            <SceneDimensions x="30.0" y="50.0"/>
        </Scene>
        <Soil>
            <OpticalPropertyLink type="0" ident="scene_natural" indexFctPhase="3"/>
            <ThermalPropertyLink idTemperature="ThermalFunction290_310" indexTemperature="0"/>
            <Topography presenceOfTopography="0"/>
            <DEM_properties createTopography="0"/>
        </Soil>
        <LatLon longitude="0.0" altitude="0.0" latitude="0.0"/>
    </Maket>
</DartFile>
