<?xml version="1.0" encoding="UTF-8" standalone="yes"?>
<DartFile build="v1098" version="5.7.4">
    <Phase calculatorMethod="0">
        <AtmosphereRadiativeTransfer TOAtoBOA="0"/>
        <ExpertModeZone triangleStorageMode="0" nbSubSubcenterTurbidEmission="40" expertMode="0" nbSubcenterVolume="2" thermalEmissionSurfaceSubdivision="0.01" subFaceBarycenterSubdivision="1" useExternalScripts="0" distanceBetweenIlluminationSubCenters="0.1" nbTrianglesWithinVoxelAcceleration="10" accelerationEngine="0" subFaceBarycenterEnabled="1" maxNbSceneCrossing="1000" sparseVoxelAcceleration="1" surfaceBarycenterEnabled="1" albedoThreshold="1.0E-7" nbThreads="32" illuminationRepartitionMode="2" nbRandomPointsPerInteceptionAtmosphere="1" lightPropagationThreshold="1.0E-7" isInterceptedPowerPerDirectionForSpecularCheck="0"/>
        <DartInputParameters>
            <nodefluxtracking gaussSiedelAcceleratingTechnique="0" numberOfIteration="5"/>
            <SpectralDomainTir temperatureMode="0">
                <skylTemperature SKYLForTemperatureAssignation="0.0" histogramThreshold="5.0" distanceBetweenIlluminationSubCenters="0.1"/>
            </SpectralDomainTir>
            <SpectralIntervals>
                <SpectralIntervalsProperties deltaLambda="0.0" spectralDartMode="0" bandNumber="0" meanLambda="0.39999999999999997"/>
                <SpectralIntervalsProperties deltaLambda="0.0" spectralDartMode="0" bandNumber="1" meanLambda="0.5"/>
                <SpectralIntervalsProperties deltaLambda="0.0" spectralDartMode="0" bandNumber="2" meanLambda="0.6"/>
                <SpectralIntervalsProperties deltaLambda="0.0" spectralDartMode="0" bandNumber="3" meanLambda="0.7"/>
                <SpectralIntervalsProperties deltaLambda="0.0" spectralDartMode="0" bandNumber="4" meanLambda="0.7999999999999999"/>
                <SpectralIntervalsProperties deltaLambda="0.0" spectralDartMode="0" bandNumber="5" meanLambda="0.8999999999999999"/>
                <SpectralIntervalsProperties deltaLambda="0.0" spectralDartMode="0" bandNumber="6" meanLambda="0.9999999999999999"/>
                <SpectralIntervalsProperties deltaLambda="0.0" spectralDartMode="0" bandNumber="7" meanLambda="1.0999999999999999"/>
                <SpectralIntervalsProperties deltaLambda="0.0" spectralDartMode="0" bandNumber="8" meanLambda="1.2"/>
                <SpectralIntervalsProperties deltaLambda="0.0" spectralDartMode="0" bandNumber="9" meanLambda="1.2999999999999998"/>
                <SpectralIntervalsProperties deltaLambda="0.0" spectralDartMode="0" bandNumber="10" meanLambda="1.4"/>
                <SpectralIntervalsProperties deltaLambda="0.0" spectralDartMode="0" bandNumber="11" meanLambda="1.5"/>
                <SpectralIntervalsProperties deltaLambda="0.0" spectralDartMode="0" bandNumber="12" meanLambda="1.6"/>
                <SpectralIntervalsProperties deltaLambda="0.0" spectralDartMode="0" bandNumber="13" meanLambda="1.6999999999999997"/>
                <SpectralIntervalsProperties deltaLambda="0.0" spectralDartMode="0" bandNumber="14" meanLambda="1.7999999999999998"/>
                <SpectralIntervalsProperties deltaLambda="0.0" spectralDartMode="0" bandNumber="15" meanLambda="1.9"/>
                <SpectralIntervalsProperties deltaLambda="0.0" spectralDartMode="0" bandNumber="16" meanLambda="2.0"/>
                <SpectralIntervalsProperties deltaLambda="0.0" spectralDartMode="0" bandNumber="17" meanLambda="2.0999999999999996"/>
                <SpectralIntervalsProperties deltaLambda="0.0" spectralDartMode="0" bandNumber="18" meanLambda="2.1999999999999997"/>
                <SpectralIntervalsProperties deltaLambda="0.0" spectralDartMode="0" bandNumber="19" meanLambda="2.3"/>
                <SpectralIntervalsProperties deltaLambda="0.0" spectralDartMode="0" bandNumber="20" meanLambda="2.4"/>
                <SpectralIntervalsProperties deltaLambda="0.0" spectralDartMode="0" bandNumber="21" meanLambda="2.5"/>
            </SpectralIntervals>
            <temperatureAtmosphere atmosphericApparentTemperature="260.0"/>
            <ImageSideIllumination disableSolarIllumination="0" sideIlluminationEnabled="0" disableThermalEmission="0"/>
            <nodeIlluminationMode irradianceMode="0">
                <irradianceDatabaseNode weightReflectanceParameters="1" weightAtmosphereParameters="1" databaseName="Solar_constant.db" irradianceColumn="irradiance" irradianceTable="TOASolar_THKUR">
                    <WeightingParameters sceneAverageTemperatureForPonderation="300.0"/>
                </irradianceDatabaseNode>
                <SpectralIrradiance>
                    <CommonParameters commonSkylCheckBox="1" commonIrradianceCheckBox="1" irraDef="0"/>
                    <SpectralIrradianceValue Skyl="0.0" irradiance="0.0" bandNumber="0"/>
                    <SpectralIrradianceValue Skyl="0.0" irradiance="0.0" bandNumber="1"/>
                    <SpectralIrradianceValue Skyl="0.0" irradiance="0.0" bandNumber="2"/>
                    <SpectralIrradianceValue Skyl="0.0" irradiance="0.0" bandNumber="3"/>
                    <SpectralIrradianceValue Skyl="0.0" irradiance="0.0" bandNumber="4"/>
                    <SpectralIrradianceValue Skyl="0.0" irradiance="0.0" bandNumber="5"/>
                    <SpectralIrradianceValue Skyl="0.0" irradiance="0.0" bandNumber="6"/>
                    <SpectralIrradianceValue Skyl="0.0" irradiance="0.0" bandNumber="7"/>
                    <SpectralIrradianceValue Skyl="0.0" irradiance="0.0" bandNumber="8"/>
                    <SpectralIrradianceValue Skyl="0.0" irradiance="0.0" bandNumber="9"/>
                    <SpectralIrradianceValue Skyl="0.0" irradiance="0.0" bandNumber="10"/>
                    <SpectralIrradianceValue Skyl="0.0" irradiance="0.0" bandNumber="11"/>
                    <SpectralIrradianceValue Skyl="0.0" irradiance="0.0" bandNumber="12"/>
                    <SpectralIrradianceValue Skyl="0.0" irradiance="0.0" bandNumber="13"/>
                    <SpectralIrradianceValue Skyl="0.0" irradiance="0.0" bandNumber="14"/>
                    <SpectralIrradianceValue Skyl="0.0" irradiance="0.0" bandNumber="15"/>
                    <SpectralIrradianceValue Skyl="0.0" irradiance="0.0" bandNumber="16"/>
                    <SpectralIrradianceValue Skyl="0.0" irradiance="0.0" bandNumber="17"/>
                    <SpectralIrradianceValue Skyl="0.0" irradiance="0.0" bandNumber="18"/>
                    <SpectralIrradianceValue Skyl="0.0" irradiance="0.0" bandNumber="19"/>
                    <SpectralIrradianceValue Skyl="0.0" irradiance="0.0" bandNumber="20"/>
                    <SpectralIrradianceValue Skyl="0.0" irradiance="0.0" bandNumber="21"/>
                </SpectralIrradiance>
            </nodeIlluminationMode>
        </DartInputParameters>
        <DartProduct>
            <dartModuleProducts>
                <CommonProducts radiativeBudgetProducts="0" polarizationProducts="0"/>
                <FluxTrackingModeProducts order1Products="0" brfProducts="1" allIterationsProducts="0" temperaturePerTrianglePerCell="0">
                    <BrfProductsProperties horizontalOversampling="1" brfProduct="0" transmittanceImages="0" luminanceProducts="0" image="0" extrapolation="1" centralizedBrfProduct="0" sensorPlaneprojection="0" nb_scene="1" sensorOversampling="1" projection="1" maximalThetaImages="25.0">
                        <ExpertModeZone_maskProjection albedoImages="0"/>
                    </BrfProductsProperties>
                </FluxTrackingModeProducts>
            </dartModuleProducts>
            <maketModuleProducts objectGeneration="0" areaMaketProducts="0" MNEProducts="0" coverRateProducts="0" laiProducts="0"/>
        </DartProduct>
        <SensorImageSimulation importMultipleSensors="0"/>
    </Phase>
</DartFile>
