<?xml version="1.0" encoding="UTF-8" standalone="yes"?>
<DartFile build="v1098" version="5.7.4">
    <Trees isTrees="1" hidden="0" sceneModelCharacteristic="2">
        <Trees_2 treePositionFileName="0_47.txt" laiZone="0">
            <Specie_2 lai="-0.63" branchesAndTwigsSimulation="0">
                <OpticalPropertyLink type="0" ident="trunk" indexFctPhase="1"/>
                <ThermalPropertyLink idTemperature="ThermalFunction290_310" indexTemperature="0"/>
                <Trunk trunkHeightWithinCrown="5.0" stDevMeanTrunkDiameterBelowCrown="0.0" meanTrunkHeightBelowCrown="7.35" stDevMeanTrunkHeightBelowCrown="0.0" meanTrunkDiameterBelowCrown="0.226"/>
                <Crown crownHeight="10.15" crownHeightStDev="0.0" instrinsicRotationStDev="0.0" crownShape="0" instrinsicRotation="0.0">
                    <CrownEllipsoid firstAxisStDev="0.0" secondAxis="5.0" secondAxisStDev="0.0" firstAxis="5.0"/>
                </Crown>
                <CrownLevel relativeTrunkDiameterWithinCrown="1.0" distribution="0" relativeHeightVsCrownHeight="1.0" laiConservation="1" verticalWeightForUf="1.0">
                    <OpticalPropertyLink type="0" ident="trunk" indexFctPhase="1"/>
                    <ThermalPropertyLink idTemperature="ThermalFunction290_310" indexTemperature="0"/>
                    <VegetationProperty>
                        <VegetationOpticalPropertyLink ident="leaf1" indexFctPhase="0"/>
                        <ThermalPropertyLink idTemperature="ThermalFunction290_310" indexTemperature="0"/>
                    </VegetationProperty>
                </CrownLevel>
            </Specie_2>
            <Specie_2 lai="-0.63" branchesAndTwigsSimulation="0">
                <OpticalPropertyLink type="0" ident="trunk" indexFctPhase="1"/>
                <ThermalPropertyLink idTemperature="ThermalFunction290_310" indexTemperature="0"/>
                <Trunk trunkHeightWithinCrown="5.0" stDevMeanTrunkDiameterBelowCrown="0.0" meanTrunkHeightBelowCrown="7.35" stDevMeanTrunkHeightBelowCrown="0.0" meanTrunkDiameterBelowCrown="0.226"/>
                <Crown crownHeight="10.15" crownHeightStDev="0.0" instrinsicRotationStDev="0.0" crownShape="0" instrinsicRotation="0.0">
                    <CrownEllipsoid firstAxisStDev="0.0" secondAxis="5.0" secondAxisStDev="0.0" firstAxis="5.0"/>
                </Crown>
                <CrownLevel relativeTrunkDiameterWithinCrown="1.0" distribution="0" relativeHeightVsCrownHeight="1.0" laiConservation="1" verticalWeightForUf="1.0">
                    <OpticalPropertyLink type="0" ident="trunk" indexFctPhase="1"/>
                    <ThermalPropertyLink idTemperature="ThermalFunction290_310" indexTemperature="0"/>
                    <VegetationProperty>
                        <VegetationOpticalPropertyLink ident="leaf2" indexFctPhase="1"/>
                        <ThermalPropertyLink idTemperature="ThermalFunction290_310" indexTemperature="0"/>
                    </VegetationProperty>
                </CrownLevel>
            </Specie_2>
            <Specie_2 lai="-0.63" branchesAndTwigsSimulation="0">
                <OpticalPropertyLink type="0" ident="trunk" indexFctPhase="1"/>
                <ThermalPropertyLink idTemperature="ThermalFunction290_310" indexTemperature="0"/>
                <Trunk trunkHeightWithinCrown="5.0" stDevMeanTrunkDiameterBelowCrown="0.0" meanTrunkHeightBelowCrown="7.35" stDevMeanTrunkHeightBelowCrown="0.0" meanTrunkDiameterBelowCrown="0.226"/>
                <Crown crownHeight="10.15" crownHeightStDev="0.0" instrinsicRotationStDev="0.0" crownShape="0" instrinsicRotation="0.0">
                    <CrownEllipsoid firstAxisStDev="0.0" secondAxis="5.0" secondAxisStDev="0.0" firstAxis="5.0"/>
                </Crown>
                <CrownLevel relativeTrunkDiameterWithinCrown="1.0" distribution="0" relativeHeightVsCrownHeight="1.0" laiConservation="1" verticalWeightForUf="1.0">
                    <OpticalPropertyLink type="0" ident="trunk" indexFctPhase="1"/>
                    <ThermalPropertyLink idTemperature="ThermalFunction290_310" indexTemperature="0"/>
                    <VegetationProperty>
                        <VegetationOpticalPropertyLink ident="leaf3" indexFctPhase="2"/>
                        <ThermalPropertyLink idTemperature="ThermalFunction290_310" indexTemperature="0"/>
                    </VegetationProperty>
                </CrownLevel>
            </Specie_2>
            <Specie_2 lai="-0.63" branchesAndTwigsSimulation="0">
                <OpticalPropertyLink type="0" ident="trunk" indexFctPhase="1"/>
                <ThermalPropertyLink idTemperature="ThermalFunction290_310" indexTemperature="0"/>
                <Trunk trunkHeightWithinCrown="5.0" stDevMeanTrunkDiameterBelowCrown="0.0" meanTrunkHeightBelowCrown="7.35" stDevMeanTrunkHeightBelowCrown="0.0" meanTrunkDiameterBelowCrown="0.226"/>
                <Crown crownHeight="10.15" crownHeightStDev="0.0" instrinsicRotationStDev="0.0" crownShape="0" instrinsicRotation="0.0">
                    <CrownEllipsoid firstAxisStDev="0.0" secondAxis="5.0" secondAxisStDev="0.0" firstAxis="5.0"/>
                </Crown>
                <CrownLevel relativeTrunkDiameterWithinCrown="1.0" distribution="0" relativeHeightVsCrownHeight="1.0" laiConservation="1" verticalWeightForUf="1.0">
                    <OpticalPropertyLink type="0" ident="trunk" indexFctPhase="1"/>
                    <ThermalPropertyLink idTemperature="ThermalFunction290_310" indexTemperature="0"/>
                    <VegetationProperty>
                        <VegetationOpticalPropertyLink ident="leaf4" indexFctPhase="3"/>
                        <ThermalPropertyLink idTemperature="ThermalFunction290_310" indexTemperature="0"/>
                    </VegetationProperty>
                </CrownLevel>
            </Specie_2>
            <Specie_2 lai="-0.63" branchesAndTwigsSimulation="0">
                <OpticalPropertyLink type="0" ident="trunk" indexFctPhase="1"/>
                <ThermalPropertyLink idTemperature="ThermalFunction290_310" indexTemperature="0"/>
                <Trunk trunkHeightWithinCrown="5.0" stDevMeanTrunkDiameterBelowCrown="0.0" meanTrunkHeightBelowCrown="7.35" stDevMeanTrunkHeightBelowCrown="0.0" meanTrunkDiameterBelowCrown="0.226"/>
                <Crown crownHeight="10.15" crownHeightStDev="0.0" instrinsicRotationStDev="0.0" crownShape="0" instrinsicRotation="0.0">
                    <CrownEllipsoid firstAxisStDev="0.0" secondAxis="5.0" secondAxisStDev="0.0" firstAxis="5.0"/>
                </Crown>
                <CrownLevel relativeTrunkDiameterWithinCrown="1.0" distribution="0" relativeHeightVsCrownHeight="1.0" laiConservation="1" verticalWeightForUf="1.0">
                    <OpticalPropertyLink type="0" ident="trunk" indexFctPhase="1"/>
                    <ThermalPropertyLink idTemperature="ThermalFunction290_310" indexTemperature="0"/>
                    <VegetationProperty>
                        <VegetationOpticalPropertyLink ident="leaf5" indexFctPhase="4"/>
                        <ThermalPropertyLink idTemperature="ThermalFunction290_310" indexTemperature="0"/>
                    </VegetationProperty>
                </CrownLevel>
            </Specie_2>
            <Specie_2 lai="-0.63" branchesAndTwigsSimulation="0">
                <OpticalPropertyLink type="0" ident="trunk" indexFctPhase="1"/>
                <ThermalPropertyLink idTemperature="ThermalFunction290_310" indexTemperature="0"/>
                <Trunk trunkHeightWithinCrown="5.0" stDevMeanTrunkDiameterBelowCrown="0.0" meanTrunkHeightBelowCrown="7.35" stDevMeanTrunkHeightBelowCrown="0.0" meanTrunkDiameterBelowCrown="0.226"/>
                <Crown crownHeight="10.15" crownHeightStDev="0.0" instrinsicRotationStDev="0.0" crownShape="0" instrinsicRotation="0.0">
                    <CrownEllipsoid firstAxisStDev="0.0" secondAxis="5.0" secondAxisStDev="0.0" firstAxis="5.0"/>
                </Crown>
                <CrownLevel relativeTrunkDiameterWithinCrown="1.0" distribution="0" relativeHeightVsCrownHeight="1.0" laiConservation="1" verticalWeightForUf="1.0">
                    <OpticalPropertyLink type="0" ident="trunk" indexFctPhase="1"/>
                    <ThermalPropertyLink idTemperature="ThermalFunction290_310" indexTemperature="0"/>
                    <VegetationProperty>
                        <VegetationOpticalPropertyLink ident="leaf6" indexFctPhase="5"/>
                        <ThermalPropertyLink idTemperature="ThermalFunction290_310" indexTemperature="0"/>
                    </VegetationProperty>
                </CrownLevel>
            </Specie_2>
        </Trees_2>
        <TreeGeneralOptions triangleTreeRepresentation="0"/>
    </Trees>
</DartFile>
