<?xml version="1.0" encoding="UTF-8"?>
<DartFile build="v1046" version="5.7.0">
    <Phase calculatorMethod="0">
        <AtmosphereRadiativeTransfer TOAtoBOA="0"/>
        <ExpertModeZone accelerationEngine="0" albedoThreshold="1E-7"
            distanceBetweenIlluminationSubCenters="0.1" expertMode="1"
            extrapolationMethod="0" illuminationRepartitionMode="2"
            isInterceptedPowerPerDirectionForSpecularCheck="0"
            lightPropagationThreshold="1E-7" maxNbSceneCrossing="1000"
            nbRandomPointsPerInteceptionAtmosphere="1"
            nbSubSubcenterTurbidEmission="40" nbSubcenterVolume="2"
            nbThreads="20" nbTrianglesWithinVoxelAcceleration="10"
            sparseVoxelAcceleration="1" subFaceBarycenterEnabled="1"
            subFaceBarycenterSubdivision="1"
            surfaceBarycenterEnabled="1"
            thermalEmissionSurfaceSubdivision="0.01"
            triangleStorageMode="0" useExternalScripts="0"/>
        <DartInputParameters>
            <nodefluxtracking gaussSiedelAcceleratingTechnique="0" numberOfIteration="5"/>
            <SpectralDomainTir temperatureMode="0">
                <skylTemperature SKYLForTemperatureAssignation="0.0"
                    distanceBetweenIlluminationSubCenters="0.1" histogramThreshold="5.0"/>
            </SpectralDomainTir>
            <SpectralIntervals>
                <SpectralIntervalsProperties bandNumber="0"
                    deltaLambda="0.0" meanLambda="0.30000000000000004" spectralDartMode="0"/>
                <SpectralIntervalsProperties bandNumber="1"
                    deltaLambda="0.0" meanLambda="0.35000000000000003" spectralDartMode="0"/>
                <SpectralIntervalsProperties bandNumber="2"
                    deltaLambda="0.0" meanLambda="0.4" spectralDartMode="0"/>
                <SpectralIntervalsProperties bandNumber="3"
                    deltaLambda="0.0" meanLambda="0.45" spectralDartMode="0"/>
                <SpectralIntervalsProperties bandNumber="4"
                    deltaLambda="0.0" meanLambda="0.5" spectralDartMode="0"/>
                <SpectralIntervalsProperties bandNumber="5"
                    deltaLambda="0.0" meanLambda="0.55" spectralDartMode="0"/>
                <SpectralIntervalsProperties bandNumber="6"
                    deltaLambda="0.0" meanLambda="0.6" spectralDartMode="0"/>
                <SpectralIntervalsProperties bandNumber="7"
                    deltaLambda="0.0" meanLambda="0.6499999999999999" spectralDartMode="0"/>
                <SpectralIntervalsProperties bandNumber="8"
                    deltaLambda="0.0" meanLambda="0.7" spectralDartMode="0"/>
            </SpectralIntervals>
            <temperatureAtmosphere atmosphericApparentTemperature="260.0"/>
            <ImageSideIllumination disableSolarIllumination="0"
                disableThermalEmission="0" sideIlluminationEnabled="0"/>
            <nodeIlluminationMode illuminationMode="0" irradianceMode="0">
                <irradianceDatabaseNode databaseName="Solar_constant.db"
                    irradianceColumn="irradiance"
                    irradianceTable="TOASolar_THKUR"
                    weightAtmosphereParameters="1" weightReflectanceParameters="1">
                    <WeightingParameters sceneAverageTemperatureForPonderation="300"/>
                </irradianceDatabaseNode>
                <SpectralIrradiance>
                    <CommonParameters commonIrradianceCheckBox="1"
                        commonSkylCheckBox="1" irraDef="0"/>
                    <SpectralIrradianceValue Skyl="0" bandNumber="0" irradiance="0"/>
                    <SpectralIrradianceValue Skyl="0" bandNumber="1" irradiance="0"/>
                    <SpectralIrradianceValue Skyl="0" bandNumber="2" irradiance="0"/>
                    <SpectralIrradianceValue Skyl="0" bandNumber="3" irradiance="0"/>
                    <SpectralIrradianceValue Skyl="0" bandNumber="4" irradiance="0"/>
                    <SpectralIrradianceValue Skyl="0" bandNumber="5" irradiance="0"/>
                    <SpectralIrradianceValue Skyl="0" bandNumber="6" irradiance="0"/>
                    <SpectralIrradianceValue Skyl="0" bandNumber="7" irradiance="0"/>
                    <SpectralIrradianceValue Skyl="0" bandNumber="8" irradiance="0"/>
                </SpectralIrradiance>
            </nodeIlluminationMode>
        </DartInputParameters>
        <DartProduct>
            <dartModuleProducts allIterationsProducts="0"
                brfProducts="1" lidarImageProducts="0" lidarProducts="0"
                order1Products="0" polarizationProducts="0"
                radiativeBudgetProducts="0" temperaturePerTrianglePerCell="0">
                <BrfProductsProperties brfProduct="0"
                    centralizedBrfProduct="0" extrapolation="1"
                    horizontalOversampling="1" image="0"
                    luminanceProducts="0" maximalThetaImages="25.0"
                    nb_scene="1" projection="1" sensorOversampling="1"
                    sensorPlaneprojection="0" transmittanceImages="0">
                    <ExpertModeZone_maskProjection albedoImages="0"/>
                </BrfProductsProperties>
            </dartModuleProducts>
            <maketModuleProducts MNEProducts="0" areaMaketProducts="0"
                coverRateProducts="0" laiProducts="0" objectGeneration="0"/>
        </DartProduct>
        <SensorImageSimulation importMultipleSensors="0"/>
    </Phase>
</DartFile>
