<?xml version="1.0" encoding="UTF-8"?>
<DartFile build="v1046" version="5.7.0">
    <Coeff_diff fluorescenceFile="0" fluorescenceProducts="0">
        <LambertianMultiFunctions>
            <LambertianMulti ModelName="reflect_equal_1_trans_equal_0_0"
                databaseName="Lambertian_vegetation.db"
                ident="Lambertian_Phase_Function_1" roStDev="0.000"
                useMultiplicativeFactorForLUT="1" useSpecular="0">
                <ProspectExternalModule isFluorescent="0" useProspectExternalModule="0"/>
                <lambertianNodeMultiplicativeFactorForLUT
                    diffuseTransmittanceFactor="1"
                    directTransmittanceFactor="1" reflectanceFactor="1"
                    specularIntensityFactor="1"
                    useSameFactorForAllBands="1" useSameOpticalFactorMatrixForAllBands="0">
                    <lambertianMultiplicativeFactorForLUT
                        diffuseTransmittanceFactor="1"
                        directTransmittanceFactor="1"
                        reflectanceFactor="1"
                        specularIntensityFactor="1" useOpticalFactorMatrix="0"/>
                    <lambertianMultiplicativeFactorForLUT
                        diffuseTransmittanceFactor="1"
                        directTransmittanceFactor="1"
                        reflectanceFactor="1"
                        specularIntensityFactor="1" useOpticalFactorMatrix="0"/>
                    <lambertianMultiplicativeFactorForLUT
                        diffuseTransmittanceFactor="1"
                        directTransmittanceFactor="1"
                        reflectanceFactor="1"
                        specularIntensityFactor="1" useOpticalFactorMatrix="0"/>
                    <lambertianMultiplicativeFactorForLUT
                        diffuseTransmittanceFactor="1"
                        directTransmittanceFactor="1"
                        reflectanceFactor="1"
                        specularIntensityFactor="1" useOpticalFactorMatrix="0"/>
                    <lambertianMultiplicativeFactorForLUT
                        diffuseTransmittanceFactor="1"
                        directTransmittanceFactor="1"
                        reflectanceFactor="1"
                        specularIntensityFactor="1" useOpticalFactorMatrix="0"/>
                    <lambertianMultiplicativeFactorForLUT
                        diffuseTransmittanceFactor="1"
                        directTransmittanceFactor="1"
                        reflectanceFactor="1"
                        specularIntensityFactor="1" useOpticalFactorMatrix="0"/>
                    <lambertianMultiplicativeFactorForLUT
                        diffuseTransmittanceFactor="1"
                        directTransmittanceFactor="1"
                        reflectanceFactor="1"
                        specularIntensityFactor="1" useOpticalFactorMatrix="0"/>
                    <lambertianMultiplicativeFactorForLUT
                        diffuseTransmittanceFactor="1"
                        directTransmittanceFactor="1"
                        reflectanceFactor="1"
                        specularIntensityFactor="1" useOpticalFactorMatrix="0"/>
                    <lambertianMultiplicativeFactorForLUT
                        diffuseTransmittanceFactor="1"
                        directTransmittanceFactor="1"
                        reflectanceFactor="1"
                        specularIntensityFactor="1" useOpticalFactorMatrix="0"/>
                </lambertianNodeMultiplicativeFactorForLUT>
            </LambertianMulti>
            <LambertianMulti ModelName="betula_pendula_stem"
                databaseName="Lambertian_vegetation.db" ident="trunk"
                roStDev="0.000" useMultiplicativeFactorForLUT="0" useSpecular="0">
                <ProspectExternalModule isFluorescent="0" useProspectExternalModule="0"/>
            </LambertianMulti>
        </LambertianMultiFunctions>
        <HapkeSpecularMultiFunctions/>
        <RPVMultiFunctions/>
        <UnderstoryMultiFunctions integrationStepOnPhi="10"
            integrationStepOnTheta="1" outputLADFile="0">
            <UnderstoryMulti ModelName="betula_pendula_leaf"
                databaseName="Vegetation.db" dimFoliar="0.01"
                ident="leaf" lad="1" useMultiplicativeFactorForLUT="0"
                useOpticalFactorMatrix="0" useSpecular="0">
                <DirectionalClumpingIndexProperties clumpinga="0"
                    clumpingb="0" omegaMax="0" omegaMin="1"/>
                <ProspectExternalModule isFluorescent="0" useProspectExternalModule="0"/>
            </UnderstoryMulti>
        </UnderstoryMultiFunctions>
        <AirMultiFunctions/>
        <Temperatures>
            <ThermalFunction deltaT="20.0"
                idTemperature="ThermalFunction290_310" meanT="300.0"
                override3DMatrix="0" singleTemperatureSurface="1" useOpticalFactorMatrix="0"/>
        </Temperatures>
    </Coeff_diff>
</DartFile>
