<?xml version="1.0" encoding="UTF-8"?>
<DartFile build="0" version="5.7.0">
    <Trees isTrees="1" sceneModelCharacteristic="2">
        <TreeGeneralOptions triangleTreeRepresentation="0"/>
        <Trees_2 laiZone="0" treePositionFileName="6_13.txt">
            <Specie_2 branchesAndTwigsSimulation="0" lai="4.00" numberOfTreesInWholeScene="12">
                <OpticalPropertyLink ident="trunk" indexFctPhase="1" type="0"/>
                <ThermalPropertyLink
                    idTemperature="ThermalFunction290_310" indexTemperature="0"/>
                <Trunk meanTrunkDiameterBelowCrown="0.30"
                    meanTrunkHeightBelowCrown="0"
                    stDevMeanTrunkDiameterBelowCrown="0.0"
                    stDevMeanTrunkHeightBelowCrown="0.0" trunkHeightWithinCrown="3.00"/>
                <Crown crownHeight="10" crownHeightStDev="0.0"
                    crownShape="0" instrinsicRotation="0.0" instrinsicRotationStDev="0.0">
                    <CrownEllipsoid firstAxis="8" firstAxisStDev="0.0"
                        secondAxis="8" secondAxisStDev="0.0"/>
                </Crown>
                <CrownLevel distribution="0" laiConservation="1"
                    relativeHeightVsCrownHeight="1.00"
                    relativeTrunkDiameterWithinCrown="1.00" verticalWeightForUf="1.00">
                    <OpticalPropertyLink ident="trunk" indexFctPhase="1" type="0"/>
                    <ThermalPropertyLink
                        idTemperature="ThermalFunction290_310" indexTemperature="0"/>
                    <VegetationProperty>
                        <VegetationOpticalPropertyLink ident="leaf" indexFctPhase="0"/>
                        <ThermalPropertyLink
                            idTemperature="ThermalFunction290_310" indexTemperature="0"/>
                    </VegetationProperty>
                </CrownLevel>
            </Specie_2>
            <Specie_2 branchesAndTwigsSimulation="0" lai="4.00" numberOfTreesInWholeScene="12">
                <OpticalPropertyLink ident="trunk" indexFctPhase="1" type="0"/>
                <ThermalPropertyLink
                    idTemperature="ThermalFunction290_310" indexTemperature="0"/>
                <Trunk meanTrunkDiameterBelowCrown="0.30"
                    meanTrunkHeightBelowCrown="5"
                    stDevMeanTrunkDiameterBelowCrown="0.0"
                    stDevMeanTrunkHeightBelowCrown="0.0" trunkHeightWithinCrown="3.00"/>
                <Crown crownHeight="10" crownHeightStDev="0.0"
                    crownShape="0" instrinsicRotation="0.0" instrinsicRotationStDev="0.0">
                    <CrownEllipsoid firstAxis="8" firstAxisStDev="0.0"
                        secondAxis="8" secondAxisStDev="0.0"/>
                </Crown>
                <CrownLevel distribution="0" laiConservation="1"
                    relativeHeightVsCrownHeight="1.00"
                    relativeTrunkDiameterWithinCrown="1.00" verticalWeightForUf="1.00">
                    <OpticalPropertyLink ident="trunk" indexFctPhase="1" type="0"/>
                    <ThermalPropertyLink
                        idTemperature="ThermalFunction290_310" indexTemperature="0"/>
                    <VegetationProperty>
                        <VegetationOpticalPropertyLink ident="leaf" indexFctPhase="0"/>
                        <ThermalPropertyLink
                            idTemperature="ThermalFunction290_310" indexTemperature="0"/>
                    </VegetationProperty>
                </CrownLevel>
            </Specie_2>
            <Specie_2 branchesAndTwigsSimulation="0" lai="4.00" numberOfTreesInWholeScene="12">
                <OpticalPropertyLink ident="trunk" indexFctPhase="1" type="0"/>
                <ThermalPropertyLink
                    idTemperature="ThermalFunction290_310" indexTemperature="0"/>
                <Trunk meanTrunkDiameterBelowCrown="0.30"
                    meanTrunkHeightBelowCrown="10"
                    stDevMeanTrunkDiameterBelowCrown="0.0"
                    stDevMeanTrunkHeightBelowCrown="0.0" trunkHeightWithinCrown="3.00"/>
                <Crown crownHeight="10" crownHeightStDev="0.0"
                    crownShape="0" instrinsicRotation="0.0" instrinsicRotationStDev="0.0">
                    <CrownEllipsoid firstAxis="8" firstAxisStDev="0.0"
                        secondAxis="8" secondAxisStDev="0.0"/>
                </Crown>
                <CrownLevel distribution="0" laiConservation="1"
                    relativeHeightVsCrownHeight="1.00"
                    relativeTrunkDiameterWithinCrown="1.00" verticalWeightForUf="1.00">
                    <OpticalPropertyLink ident="trunk" indexFctPhase="1" type="0"/>
                    <ThermalPropertyLink
                        idTemperature="ThermalFunction290_310" indexTemperature="0"/>
                    <VegetationProperty>
                        <VegetationOpticalPropertyLink ident="leaf" indexFctPhase="0"/>
                        <ThermalPropertyLink
                            idTemperature="ThermalFunction290_310" indexTemperature="0"/>
                    </VegetationProperty>
                </CrownLevel>
            </Specie_2>
            <Specie_2 branchesAndTwigsSimulation="0" lai="4.00" numberOfTreesInWholeScene="12">
                <OpticalPropertyLink ident="trunk" indexFctPhase="1" type="0"/>
                <ThermalPropertyLink
                    idTemperature="ThermalFunction290_310" indexTemperature="0"/>
                <Trunk meanTrunkDiameterBelowCrown="0.30"
                    meanTrunkHeightBelowCrown="15"
                    stDevMeanTrunkDiameterBelowCrown="0.0"
                    stDevMeanTrunkHeightBelowCrown="0.0" trunkHeightWithinCrown="3.00"/>
                <Crown crownHeight="10" crownHeightStDev="0.0"
                    crownShape="0" instrinsicRotation="0.0" instrinsicRotationStDev="0.0">
                    <CrownEllipsoid firstAxis="8" firstAxisStDev="0.0"
                        secondAxis="8" secondAxisStDev="0.0"/>
                </Crown>
                <CrownLevel distribution="0" laiConservation="1"
                    relativeHeightVsCrownHeight="1.00"
                    relativeTrunkDiameterWithinCrown="1.00" verticalWeightForUf="1.00">
                    <OpticalPropertyLink ident="trunk" indexFctPhase="1" type="0"/>
                    <ThermalPropertyLink
                        idTemperature="ThermalFunction290_310" indexTemperature="0"/>
                    <VegetationProperty>
                        <VegetationOpticalPropertyLink ident="leaf" indexFctPhase="0"/>
                        <ThermalPropertyLink
                            idTemperature="ThermalFunction290_310" indexTemperature="0"/>
                    </VegetationProperty>
                </CrownLevel>
            </Specie_2>
        </Trees_2>
    </Trees>
</DartFile>
