<?xml version="1.0" encoding="UTF-8"?>
<DartFile build="v1147" version="5.7.6">
    <Maket dartZone="0" exactlyPeriodicScene="1" useRandomGenerationSeed="0">
        <Scene>
            <CellDimensions x="1.0" z="1.0"/>
            <SceneDimensions x="45.0" y="40.0"/>
        </Scene>
        <RandomGenerationParameters generationSeed="733426921"/>
        <Soil>
            <OpticalPropertyLink ident="scene_natural" indexFctPhase="3" type="0"/>
            <ThermalPropertyLink idTemperature="ThermalFunction290_310" indexTemperature="0"/>
            <Topography presenceOfTopography="0"/>
            <DEM_properties createTopography="0"/>
        </Soil>
        <LatLon altitude="0.0" latitude="0.0" longitude="0.0"/>
    </Maket>
</DartFile>
