idSimulation,nameSimulation,valueTauxRecouvrement
1,exp1_lad_30/sequence/h_0,
2,exp1_lad_30/sequence/h_1,
3,exp1_lad_30/sequence/h_2,
4,exp1_lad_30/sequence/h_3,
5,exp1_lad_30/sequence/h_4,
6,exp1_lad_30/sequence/h_5,
7,exp1_lad_30/sequence/h_6,
8,exp1_lad_30/sequence/h_7,
9,exp1_lad_30/sequence/h_8,
10,exp1_lad_30/sequence/h_9,
11,exp1_lad_30/sequence/h_10,
12,exp1_lad_30/sequence/h_11,
13,exp1_lad_30/sequence/h_12,
14,exp1_lad_30/sequence/h_13,
15,exp1_lad_30/sequence/h_14,
16,exp1_lad_30/sequence/h_15,
17,exp1_lad_30/sequence/h_16,
18,exp1_lad_30/sequence/h_17,
19,exp1_lad_30/sequence/h_18,
20,exp1_lad_30/sequence/h_19,
21,exp1_lad_30/sequence/h_20,
22,exp1_lad_30/sequence/h_21,
23,exp1_lad_30/sequence/h_22,
24,exp1_lad_30/sequence/h_23,
25,exp1_lad_30/sequence/h_24,
26,exp1_lad_30/sequence/h_25,
27,exp1_lad_30/sequence/h_26,
28,exp1_lad_30/sequence/h_27,
29,exp1_lad_30/sequence/h_28,
30,exp1_lad_30/sequence/h_29,
31,exp1_lad_30/sequence/h_30,
32,exp1_lad_30/sequence/h_31,
33,exp1_lad_30/sequence/h_32,
34,exp1_lad_30/sequence/h_33,
35,exp1_lad_30/sequence/h_34,
36,exp1_lad_30/sequence/h_35,
37,exp1_lad_30/sequence/h_36,
38,exp1_lad_30/sequence/h_37,
39,exp1_lad_30/sequence/h_38,
40,exp1_lad_30/sequence/h_39,
41,exp1_lad_30/sequence/h_40,
42,exp1_lad_30/sequence/h_41,
43,exp1_lad_30/sequence/h_42,
44,exp1_lad_30/sequence/h_43,
45,exp1_lad_30/sequence/h_44,
46,exp1_lad_30/sequence/h_45,
47,exp1_lad_30/sequence/h_46,
48,exp1_lad_30/sequence/h_47,
49,exp1_lad_30/sequence/h_48,
50,exp1_lad_30/sequence/h_49,
51,exp1_lad_30/sequence/h_50,
52,exp1_lad_30/sequence/h_51,
53,exp1_lad_30/sequence/h_52,
54,exp1_lad_30/sequence/h_53,
55,exp1_lad_30/sequence/h_54,
56,exp1_lad_30/sequence/h_55,
57,exp1_lad_30/sequence/h_56,
58,exp1_lad_30/sequence/h_57,
59,exp1_lad_30/sequence/h_58,
60,exp1_lad_30/sequence/h_59,
61,exp1_lad_30/sequence/h_60,
62,exp1_lad_30/sequence/h_61,
63,exp1_lad_30/sequence/h_62,
64,exp1_lad_30/sequence/h_63,
65,exp1_lad_30/sequence/h_64,
66,exp1_lad_30/sequence/h_65,
67,exp1_lad_30/sequence/h_66,
68,exp1_lad_30/sequence/h_67,
69,exp1_lad_30/sequence/h_68,
70,exp1_lad_30/sequence/h_69,
71,exp1_lad_30/sequence/h_70,
72,exp1_lad_30/sequence/h_71,
73,exp1_lad_30/sequence/h_72,
74,exp1_lad_30/sequence/h_73,
75,exp1_lad_30/sequence/h_74,
76,exp1_lad_30/sequence/h_75,
77,exp1_lad_30/sequence/h_76,
78,exp1_lad_30/sequence/h_77,
79,exp1_lad_30/sequence/h_78,
80,exp1_lad_30/sequence/h_79,
81,exp1_lad_30/sequence/h_80,
82,exp1_lad_30/sequence/h_81,
83,exp1_lad_30/sequence/h_82,
84,exp1_lad_30/sequence/h_83,
85,exp1_lad_30/sequence/h_84,
86,exp1_lad_30/sequence/h_85,
87,exp1_lad_30/sequence/h_86,
88,exp1_lad_30/sequence/h_87,
89,exp1_lad_30/sequence/h_88,
90,exp1_lad_30/sequence/h_89,
91,exp1_lad_30/sequence/h_90,
92,exp1_lad_30/sequence/h_91,
93,exp1_lad_30/sequence/h_92,
94,exp1_lad_30/sequence/h_93,
95,exp1_lad_30/sequence/h_94,
96,exp1_lad_30/sequence/h_95,
97,exp1_lad_30/sequence/h_96,
98,exp1_lad_30/sequence/h_97,
99,exp1_lad_30/sequence/h_98,
100,exp1_lad_30/sequence/h_99,
101,exp1_lad_30/sequence/h_100,
102,exp1_lad_30/sequence/h_101,
103,exp1_lad_30/sequence/h_102,
104,exp1_lad_30/sequence/h_103,
105,exp1_lad_30/sequence/h_104,
106,exp1_lad_30/sequence/h_105,
107,exp1_lad_30/sequence/h_106,
108,exp1_lad_30/sequence/h_107,
109,exp1_lad_30/sequence/h_108,
110,exp1_lad_30/sequence/h_109,
111,exp1_lad_30/sequence/h_110,
112,exp1_lad_30/sequence/h_111,
113,exp1_lad_30/sequence/h_112,
114,exp1_lad_30/sequence/h_113,
115,exp1_lad_30/sequence/h_114,
116,exp1_lad_30/sequence/h_115,
117,exp1_lad_30/sequence/h_116,
118,exp1_lad_30/sequence/h_117,
119,exp1_lad_30/sequence/h_118,
120,exp1_lad_30/sequence/h_119,
121,exp1_lad_30/sequence/h_120,
122,exp1_lad_30/sequence/h_121,
123,exp1_lad_30/sequence/h_122,
124,exp1_lad_30/sequence/h_123,
125,exp1_lad_30/sequence/h_124,
126,exp1_lad_30/sequence/h_125,
127,exp1_lad_30/sequence/h_126,
128,exp1_lad_30/sequence/h_127,
129,exp1_lad_30/sequence/h_128,
130,exp1_lad_30/sequence/h_129,
131,exp1_lad_30/sequence/h_130,
132,exp1_lad_30/sequence/h_131,
133,exp1_lad_30/sequence/h_132,
134,exp1_lad_30/sequence/h_133,
135,exp1_lad_30/sequence/h_134,
136,exp1_lad_30/sequence/h_135,
137,exp1_lad_30/sequence/h_136,
138,exp1_lad_30/sequence/h_137,
139,exp1_lad_30/sequence/h_138,
140,exp1_lad_30/sequence/h_139,
141,exp1_lad_30/sequence/h_140,
142,exp1_lad_30/sequence/h_141,
143,exp1_lad_30/sequence/h_142,
144,exp1_lad_30/sequence/h_143,
145,exp1_lad_30/sequence/h_144,
146,exp1_lad_30/sequence/h_145,
147,exp1_lad_30/sequence/h_146,
148,exp1_lad_30/sequence/h_147,
149,exp1_lad_30/sequence/h_148,
150,exp1_lad_30/sequence/h_149,
151,exp1_lad_30/sequence/h_150,
152,exp1_lad_30/sequence/h_151,
153,exp1_lad_30/sequence/h_152,
154,exp1_lad_30/sequence/h_153,
155,exp1_lad_30/sequence/h_154,
156,exp1_lad_30/sequence/h_155,
157,exp1_lad_30/sequence/h_156,
158,exp1_lad_30/sequence/h_157,
159,exp1_lad_30/sequence/h_158,
160,exp1_lad_30/sequence/h_159,
161,exp1_lad_30/sequence/h_160,
162,exp1_lad_30/sequence/h_161,
163,exp1_lad_30/sequence/h_162,
164,exp1_lad_30/sequence/h_163,
165,exp1_lad_30/sequence/h_164,
166,exp1_lad_30/sequence/h_165,
167,exp1_lad_30/sequence/h_166,
168,exp1_lad_30/sequence/h_167,
169,exp1_lad_30/sequence/h_168,
170,exp1_lad_30/sequence/h_169,
171,exp1_lad_30/sequence/h_170,
172,exp1_lad_30/sequence/h_171,
173,exp1_lad_30/sequence/h_172,
174,exp1_lad_30/sequence/h_173,
175,exp1_lad_30/sequence/h_174,
176,exp1_lad_30/sequence/h_175,
177,exp1_lad_30/sequence/h_176,
178,exp1_lad_30/sequence/h_177,
179,exp1_lad_30/sequence/h_178,
180,exp1_lad_30/sequence/h_179,
181,exp1_lad_30/sequence/h_180,
182,exp1_lad_30/sequence/h_181,
183,exp1_lad_30/sequence/h_182,
