<?xml version="1.0" encoding="UTF-8"?>
<DartFile build="v1046" version="5.7.0">
    <Atmosphere isRadiativeTransfertInBottomAtmosphereDefined="0">
        <IsAtmosphere typeOfAtmosphere="1">
            <AtmosphericOpticalPropertyModel
                aerosolCumulativeModelName="RURALV23"
                aerosolOptDepthFactor="1"
                aerosolsModelName="USSTD76_RURALV23" co2MixRate="365.0"
                correctionBandModel="1"
                databaseName="dart_atmosphere.db"
                gasCumulativeModelName="USSTD76" gasGroup="1"
                gasModelName="USSTD76" hgParametersModelName="RURALV23"
                ignoreGasForExtrapolation="0"
                precipitableWaterAmountCkeckbox="0" redefTemperature="0"
                scaleOtherGases="0" temperatureModelName="USSTD76"/>
            <AtmosphereIterations>
                <AtmosphereTransfertFunctions inputOutputTransfertFunctions="0">
                    <ComputedTransferFunctions writeTransferFunctions="0"/>
                </AtmosphereTransfertFunctions>
                <AtmosphereProducts atmosphereBRF_TOA="0"
                    atmosphereRadiance_BOA_apresCouplage="0"
                    atmosphereRadiance_BOA_avantCouplage="0" ordreUnAtmos="0"/>
                <AtmosphereComponents downwardingFluxes="0" upwardingFluxes="0"/>
                <AtmosphereExpertModeZone extrapol_atmos="1"
                    seuilEclairementAtmos="0.00001" seuilFTAtmos="0.0001"/>
            </AtmosphereIterations>
            <AtmosphereGeometry discretisationAtmos="1"
                heightOfSensor="3000" minimumNumberOfDivisions="4">
                <discretisationAtmosAuto epsilon_atmos="0.003"
                    gamma_atmos="0.95" xAI="400.0" yAI="400.0"/>
            </AtmosphereGeometry>
        </IsAtmosphere>
    </Atmosphere>
</DartFile>
