<?xml version="1.0" encoding="UTF-8"?>
<DartFile version="1.0">
    <DartSequencerDescriptor sequenceName="sequence;;h">
        <DartSequencerDescriptorEntries>
            <DartSequencerDescriptorGroup groupName="h">
                <DartSequencerDescriptorEntry
                    args="0_0.txt;0_1.txt;0_2.txt;0_3.txt;0_4.txt;0_5.txt;0_6.txt;0_7.txt;0_8.txt;0_9.txt;0_10.txt;0_11.txt;0_12.txt;0_13.txt;0_14.txt;0_15.txt;0_16.txt;0_17.txt;0_18.txt;0_19.txt;0_20.txt;0_21.txt;0_22.txt;0_23.txt;0_24.txt;0_25.txt;0_26.txt;0_27.txt;0_28.txt;0_29.txt;0_30.txt;0_31.txt;0_32.txt;0_33.txt;0_34.txt;0_35.txt;0_36.txt;0_37.txt;0_38.txt;0_39.txt;0_40.txt;0_41.txt;0_42.txt;0_43.txt;0_44.txt;0_45.txt;0_46.txt;0_47.txt;0_48.txt;0_49.txt;0_50.txt;0_51.txt;0_52.txt;0_53.txt;0_54.txt;0_55.txt;0_56.txt;0_57.txt;0_58.txt;0_59.txt;0_60.txt;0_61.txt;0_62.txt"
                    propertyName="Trees.Trees_2.treePositionFileName" type="enumerate"/>
            </DartSequencerDescriptorGroup>
            <DartSequencerDescriptorGroup groupName="scenetype">
                <DartSequencerDescriptorEntry args="0;2;3"
                    propertyName="Maket.Soil.OpticalPropertyLink.indexFctPhase" type="enumerate"/>
            </DartSequencerDescriptorGroup>
        </DartSequencerDescriptorEntries>
        <DartSequencerPreferences atmosphereMaketLaunched="false"
            dartLaunched="true" deleteAll="false"
            deleteAtmosphere="true" deleteAtmosphereMaket="true"
            deleteDartLut="true" deleteDartSequenceur="true"
            deleteDartTxt="true" deleteDirection="false"
            deleteInputs="true" deleteLibPhase="true" deleteMaket="true"
            deleteMaketTreeResults="true" deleteTreePosition="false"
            deleteTriangles="true" demGeneratorLaunched="false"
            directionLaunched="true" displayEnabled="true" genMode="XML"
            hapkeLaunched="false" individualDisplayEnabled="false"
            maketLaunched="true" numberParallelThreads="10"
            phaseLaunched="true" prospectLaunched="false"
            triangleFileProcessorLaunched="false" useBroadBand="true"
            useSceneSpectra="true" vegetationLaunched="false" zippedResults="false"/>
        <DartLutPreferences addedDirection="false" atmosToa="false"
            atmosToaOrdre="false" coupl="false" fluorescence="false"
            generateLUT="true" iterx="true" luminance="true"
            maketCoverage="false" ordre="true" otherIter="false"
            phiMax="" phiMin="" productsPerType="false"
            reflectance="true" sensor="false" storeIndirect="false"
            thetaMax="" thetaMin="" toa="true"/>
    </DartSequencerDescriptor>
</DartFile>
