<?xml version="1.0" encoding="UTF-8"?>
<DartFile version="1.0">
    <DartSequence sequenceName="exp1_lop6_ov/sequence/h" stop="false">
        <Simulations>
            <Simulation name="exp1_lop6_ov/sequence/h_0" status="PROCESSED">
                <Properties>
                    <Property name="Trees.Trees_2.treePositionFileName" value="0_0.txt"/>
                    <Property
                        name="Maket.Soil.OpticalPropertyLink.indexFctPhase" value="0"/>
                </Properties>
            </Simulation>
            <Simulation name="exp1_lop6_ov/sequence/h_1" status="PROCESSED">
                <Properties>
                    <Property name="Trees.Trees_2.treePositionFileName" value="0_0.txt"/>
                    <Property
                        name="Maket.Soil.OpticalPropertyLink.indexFctPhase" value="2"/>
                </Properties>
            </Simulation>
            <Simulation name="exp1_lop6_ov/sequence/h_2" status="PROCESSED">
                <Properties>
                    <Property name="Trees.Trees_2.treePositionFileName" value="0_0.txt"/>
                    <Property
                        name="Maket.Soil.OpticalPropertyLink.indexFctPhase" value="3"/>
                </Properties>
            </Simulation>
            <Simulation name="exp1_lop6_ov/sequence/h_3" status="PROCESSED">
                <Properties>
                    <Property name="Trees.Trees_2.treePositionFileName" value="0_1.txt"/>
                    <Property
                        name="Maket.Soil.OpticalPropertyLink.indexFctPhase" value="0"/>
                </Properties>
            </Simulation>
            <Simulation name="exp1_lop6_ov/sequence/h_4" status="PROCESSED">
                <Properties>
                    <Property name="Trees.Trees_2.treePositionFileName" value="0_1.txt"/>
                    <Property
                        name="Maket.Soil.OpticalPropertyLink.indexFctPhase" value="2"/>
                </Properties>
            </Simulation>
            <Simulation name="exp1_lop6_ov/sequence/h_5" status="PROCESSED">
                <Properties>
                    <Property name="Trees.Trees_2.treePositionFileName" value="0_1.txt"/>
                    <Property
                        name="Maket.Soil.OpticalPropertyLink.indexFctPhase" value="3"/>
                </Properties>
            </Simulation>
            <Simulation name="exp1_lop6_ov/sequence/h_6" status="PROCESSED">
                <Properties>
                    <Property name="Trees.Trees_2.treePositionFileName" value="0_2.txt"/>
                    <Property
                        name="Maket.Soil.OpticalPropertyLink.indexFctPhase" value="0"/>
                </Properties>
            </Simulation>
            <Simulation name="exp1_lop6_ov/sequence/h_7" status="PROCESSED">
                <Properties>
                    <Property name="Trees.Trees_2.treePositionFileName" value="0_2.txt"/>
                    <Property
                        name="Maket.Soil.OpticalPropertyLink.indexFctPhase" value="2"/>
                </Properties>
            </Simulation>
            <Simulation name="exp1_lop6_ov/sequence/h_8" status="PROCESSED">
                <Properties>
                    <Property name="Trees.Trees_2.treePositionFileName" value="0_2.txt"/>
                    <Property
                        name="Maket.Soil.OpticalPropertyLink.indexFctPhase" value="3"/>
                </Properties>
            </Simulation>
            <Simulation name="exp1_lop6_ov/sequence/h_9" status="PROCESSED">
                <Properties>
                    <Property name="Trees.Trees_2.treePositionFileName" value="0_3.txt"/>
                    <Property
                        name="Maket.Soil.OpticalPropertyLink.indexFctPhase" value="0"/>
                </Properties>
            </Simulation>
            <Simulation name="exp1_lop6_ov/sequence/h_10" status="PROCESSED">
                <Properties>
                    <Property name="Trees.Trees_2.treePositionFileName" value="0_3.txt"/>
                    <Property
                        name="Maket.Soil.OpticalPropertyLink.indexFctPhase" value="2"/>
                </Properties>
            </Simulation>
            <Simulation name="exp1_lop6_ov/sequence/h_11" status="PROCESSED">
                <Properties>
                    <Property name="Trees.Trees_2.treePositionFileName" value="0_3.txt"/>
                    <Property
                        name="Maket.Soil.OpticalPropertyLink.indexFctPhase" value="3"/>
                </Properties>
            </Simulation>
            <Simulation name="exp1_lop6_ov/sequence/h_12" status="PROCESSED">
                <Properties>
                    <Property name="Trees.Trees_2.treePositionFileName" value="0_4.txt"/>
                    <Property
                        name="Maket.Soil.OpticalPropertyLink.indexFctPhase" value="0"/>
                </Properties>
            </Simulation>
            <Simulation name="exp1_lop6_ov/sequence/h_13" status="PROCESSED">
                <Properties>
                    <Property name="Trees.Trees_2.treePositionFileName" value="0_4.txt"/>
                    <Property
                        name="Maket.Soil.OpticalPropertyLink.indexFctPhase" value="2"/>
                </Properties>
            </Simulation>
            <Simulation name="exp1_lop6_ov/sequence/h_14" status="PROCESSED">
                <Properties>
                    <Property name="Trees.Trees_2.treePositionFileName" value="0_4.txt"/>
                    <Property
                        name="Maket.Soil.OpticalPropertyLink.indexFctPhase" value="3"/>
                </Properties>
            </Simulation>
            <Simulation name="exp1_lop6_ov/sequence/h_15" status="PROCESSED">
                <Properties>
                    <Property name="Trees.Trees_2.treePositionFileName" value="0_5.txt"/>
                    <Property
                        name="Maket.Soil.OpticalPropertyLink.indexFctPhase" value="0"/>
                </Properties>
            </Simulation>
            <Simulation name="exp1_lop6_ov/sequence/h_16" status="PROCESSED">
                <Properties>
                    <Property name="Trees.Trees_2.treePositionFileName" value="0_5.txt"/>
                    <Property
                        name="Maket.Soil.OpticalPropertyLink.indexFctPhase" value="2"/>
                </Properties>
            </Simulation>
            <Simulation name="exp1_lop6_ov/sequence/h_17" status="PROCESSED">
                <Properties>
                    <Property name="Trees.Trees_2.treePositionFileName" value="0_5.txt"/>
                    <Property
                        name="Maket.Soil.OpticalPropertyLink.indexFctPhase" value="3"/>
                </Properties>
            </Simulation>
            <Simulation name="exp1_lop6_ov/sequence/h_18" status="PROCESSED">
                <Properties>
                    <Property name="Trees.Trees_2.treePositionFileName" value="0_6.txt"/>
                    <Property
                        name="Maket.Soil.OpticalPropertyLink.indexFctPhase" value="0"/>
                </Properties>
            </Simulation>
            <Simulation name="exp1_lop6_ov/sequence/h_19" status="PROCESSED">
                <Properties>
                    <Property name="Trees.Trees_2.treePositionFileName" value="0_6.txt"/>
                    <Property
                        name="Maket.Soil.OpticalPropertyLink.indexFctPhase" value="2"/>
                </Properties>
            </Simulation>
            <Simulation name="exp1_lop6_ov/sequence/h_20" status="PROCESSED">
                <Properties>
                    <Property name="Trees.Trees_2.treePositionFileName" value="0_6.txt"/>
                    <Property
                        name="Maket.Soil.OpticalPropertyLink.indexFctPhase" value="3"/>
                </Properties>
            </Simulation>
            <Simulation name="exp1_lop6_ov/sequence/h_21" status="PROCESSED">
                <Properties>
                    <Property name="Trees.Trees_2.treePositionFileName" value="0_7.txt"/>
                    <Property
                        name="Maket.Soil.OpticalPropertyLink.indexFctPhase" value="0"/>
                </Properties>
            </Simulation>
            <Simulation name="exp1_lop6_ov/sequence/h_22" status="PROCESSED">
                <Properties>
                    <Property name="Trees.Trees_2.treePositionFileName" value="0_7.txt"/>
                    <Property
                        name="Maket.Soil.OpticalPropertyLink.indexFctPhase" value="2"/>
                </Properties>
            </Simulation>
            <Simulation name="exp1_lop6_ov/sequence/h_23" status="PROCESSED">
                <Properties>
                    <Property name="Trees.Trees_2.treePositionFileName" value="0_7.txt"/>
                    <Property
                        name="Maket.Soil.OpticalPropertyLink.indexFctPhase" value="3"/>
                </Properties>
            </Simulation>
            <Simulation name="exp1_lop6_ov/sequence/h_24" status="PROCESSED">
                <Properties>
                    <Property name="Trees.Trees_2.treePositionFileName" value="0_8.txt"/>
                    <Property
                        name="Maket.Soil.OpticalPropertyLink.indexFctPhase" value="0"/>
                </Properties>
            </Simulation>
            <Simulation name="exp1_lop6_ov/sequence/h_25" status="PROCESSED">
                <Properties>
                    <Property name="Trees.Trees_2.treePositionFileName" value="0_8.txt"/>
                    <Property
                        name="Maket.Soil.OpticalPropertyLink.indexFctPhase" value="2"/>
                </Properties>
            </Simulation>
            <Simulation name="exp1_lop6_ov/sequence/h_26" status="PROCESSED">
                <Properties>
                    <Property name="Trees.Trees_2.treePositionFileName" value="0_8.txt"/>
                    <Property
                        name="Maket.Soil.OpticalPropertyLink.indexFctPhase" value="3"/>
                </Properties>
            </Simulation>
            <Simulation name="exp1_lop6_ov/sequence/h_27" status="PROCESSED">
                <Properties>
                    <Property name="Trees.Trees_2.treePositionFileName" value="0_9.txt"/>
                    <Property
                        name="Maket.Soil.OpticalPropertyLink.indexFctPhase" value="0"/>
                </Properties>
            </Simulation>
            <Simulation name="exp1_lop6_ov/sequence/h_28" status="PROCESSED">
                <Properties>
                    <Property name="Trees.Trees_2.treePositionFileName" value="0_9.txt"/>
                    <Property
                        name="Maket.Soil.OpticalPropertyLink.indexFctPhase" value="2"/>
                </Properties>
            </Simulation>
            <Simulation name="exp1_lop6_ov/sequence/h_29" status="PROCESSED">
                <Properties>
                    <Property name="Trees.Trees_2.treePositionFileName" value="0_9.txt"/>
                    <Property
                        name="Maket.Soil.OpticalPropertyLink.indexFctPhase" value="3"/>
                </Properties>
            </Simulation>
            <Simulation name="exp1_lop6_ov/sequence/h_30" status="PROCESSED">
                <Properties>
                    <Property name="Trees.Trees_2.treePositionFileName" value="0_10.txt"/>
                    <Property
                        name="Maket.Soil.OpticalPropertyLink.indexFctPhase" value="0"/>
                </Properties>
            </Simulation>
            <Simulation name="exp1_lop6_ov/sequence/h_31" status="PROCESSED">
                <Properties>
                    <Property name="Trees.Trees_2.treePositionFileName" value="0_10.txt"/>
                    <Property
                        name="Maket.Soil.OpticalPropertyLink.indexFctPhase" value="2"/>
                </Properties>
            </Simulation>
            <Simulation name="exp1_lop6_ov/sequence/h_32" status="PROCESSED">
                <Properties>
                    <Property name="Trees.Trees_2.treePositionFileName" value="0_10.txt"/>
                    <Property
                        name="Maket.Soil.OpticalPropertyLink.indexFctPhase" value="3"/>
                </Properties>
            </Simulation>
            <Simulation name="exp1_lop6_ov/sequence/h_33" status="PROCESSED">
                <Properties>
                    <Property name="Trees.Trees_2.treePositionFileName" value="0_11.txt"/>
                    <Property
                        name="Maket.Soil.OpticalPropertyLink.indexFctPhase" value="0"/>
                </Properties>
            </Simulation>
            <Simulation name="exp1_lop6_ov/sequence/h_34" status="PROCESSED">
                <Properties>
                    <Property name="Trees.Trees_2.treePositionFileName" value="0_11.txt"/>
                    <Property
                        name="Maket.Soil.OpticalPropertyLink.indexFctPhase" value="2"/>
                </Properties>
            </Simulation>
            <Simulation name="exp1_lop6_ov/sequence/h_35" status="PROCESSED">
                <Properties>
                    <Property name="Trees.Trees_2.treePositionFileName" value="0_11.txt"/>
                    <Property
                        name="Maket.Soil.OpticalPropertyLink.indexFctPhase" value="3"/>
                </Properties>
            </Simulation>
            <Simulation name="exp1_lop6_ov/sequence/h_36" status="PROCESSED">
                <Properties>
                    <Property name="Trees.Trees_2.treePositionFileName" value="0_12.txt"/>
                    <Property
                        name="Maket.Soil.OpticalPropertyLink.indexFctPhase" value="0"/>
                </Properties>
            </Simulation>
            <Simulation name="exp1_lop6_ov/sequence/h_37" status="PROCESSED">
                <Properties>
                    <Property name="Trees.Trees_2.treePositionFileName" value="0_12.txt"/>
                    <Property
                        name="Maket.Soil.OpticalPropertyLink.indexFctPhase" value="2"/>
                </Properties>
            </Simulation>
            <Simulation name="exp1_lop6_ov/sequence/h_38" status="PROCESSED">
                <Properties>
                    <Property name="Trees.Trees_2.treePositionFileName" value="0_12.txt"/>
                    <Property
                        name="Maket.Soil.OpticalPropertyLink.indexFctPhase" value="3"/>
                </Properties>
            </Simulation>
            <Simulation name="exp1_lop6_ov/sequence/h_39" status="PROCESSED">
                <Properties>
                    <Property name="Trees.Trees_2.treePositionFileName" value="0_13.txt"/>
                    <Property
                        name="Maket.Soil.OpticalPropertyLink.indexFctPhase" value="0"/>
                </Properties>
            </Simulation>
            <Simulation name="exp1_lop6_ov/sequence/h_40" status="PROCESSED">
                <Properties>
                    <Property name="Trees.Trees_2.treePositionFileName" value="0_13.txt"/>
                    <Property
                        name="Maket.Soil.OpticalPropertyLink.indexFctPhase" value="2"/>
                </Properties>
            </Simulation>
            <Simulation name="exp1_lop6_ov/sequence/h_41" status="PROCESSED">
                <Properties>
                    <Property name="Trees.Trees_2.treePositionFileName" value="0_13.txt"/>
                    <Property
                        name="Maket.Soil.OpticalPropertyLink.indexFctPhase" value="3"/>
                </Properties>
            </Simulation>
            <Simulation name="exp1_lop6_ov/sequence/h_42" status="PROCESSED">
                <Properties>
                    <Property name="Trees.Trees_2.treePositionFileName" value="0_14.txt"/>
                    <Property
                        name="Maket.Soil.OpticalPropertyLink.indexFctPhase" value="0"/>
                </Properties>
            </Simulation>
            <Simulation name="exp1_lop6_ov/sequence/h_43" status="PROCESSED">
                <Properties>
                    <Property name="Trees.Trees_2.treePositionFileName" value="0_14.txt"/>
                    <Property
                        name="Maket.Soil.OpticalPropertyLink.indexFctPhase" value="2"/>
                </Properties>
            </Simulation>
            <Simulation name="exp1_lop6_ov/sequence/h_44" status="PROCESSED">
                <Properties>
                    <Property name="Trees.Trees_2.treePositionFileName" value="0_14.txt"/>
                    <Property
                        name="Maket.Soil.OpticalPropertyLink.indexFctPhase" value="3"/>
                </Properties>
            </Simulation>
            <Simulation name="exp1_lop6_ov/sequence/h_45" status="PROCESSED">
                <Properties>
                    <Property name="Trees.Trees_2.treePositionFileName" value="0_15.txt"/>
                    <Property
                        name="Maket.Soil.OpticalPropertyLink.indexFctPhase" value="0"/>
                </Properties>
            </Simulation>
            <Simulation name="exp1_lop6_ov/sequence/h_46" status="PROCESSED">
                <Properties>
                    <Property name="Trees.Trees_2.treePositionFileName" value="0_15.txt"/>
                    <Property
                        name="Maket.Soil.OpticalPropertyLink.indexFctPhase" value="2"/>
                </Properties>
            </Simulation>
            <Simulation name="exp1_lop6_ov/sequence/h_47" status="PROCESSED">
                <Properties>
                    <Property name="Trees.Trees_2.treePositionFileName" value="0_15.txt"/>
                    <Property
                        name="Maket.Soil.OpticalPropertyLink.indexFctPhase" value="3"/>
                </Properties>
            </Simulation>
            <Simulation name="exp1_lop6_ov/sequence/h_48" status="PROCESSED">
                <Properties>
                    <Property name="Trees.Trees_2.treePositionFileName" value="0_16.txt"/>
                    <Property
                        name="Maket.Soil.OpticalPropertyLink.indexFctPhase" value="0"/>
                </Properties>
            </Simulation>
            <Simulation name="exp1_lop6_ov/sequence/h_49" status="PROCESSED">
                <Properties>
                    <Property name="Trees.Trees_2.treePositionFileName" value="0_16.txt"/>
                    <Property
                        name="Maket.Soil.OpticalPropertyLink.indexFctPhase" value="2"/>
                </Properties>
            </Simulation>
            <Simulation name="exp1_lop6_ov/sequence/h_50" status="PROCESSED">
                <Properties>
                    <Property name="Trees.Trees_2.treePositionFileName" value="0_16.txt"/>
                    <Property
                        name="Maket.Soil.OpticalPropertyLink.indexFctPhase" value="3"/>
                </Properties>
            </Simulation>
            <Simulation name="exp1_lop6_ov/sequence/h_51" status="PROCESSED">
                <Properties>
                    <Property name="Trees.Trees_2.treePositionFileName" value="0_17.txt"/>
                    <Property
                        name="Maket.Soil.OpticalPropertyLink.indexFctPhase" value="0"/>
                </Properties>
            </Simulation>
            <Simulation name="exp1_lop6_ov/sequence/h_52" status="PROCESSED">
                <Properties>
                    <Property name="Trees.Trees_2.treePositionFileName" value="0_17.txt"/>
                    <Property
                        name="Maket.Soil.OpticalPropertyLink.indexFctPhase" value="2"/>
                </Properties>
            </Simulation>
            <Simulation name="exp1_lop6_ov/sequence/h_53" status="PROCESSED">
                <Properties>
                    <Property name="Trees.Trees_2.treePositionFileName" value="0_17.txt"/>
                    <Property
                        name="Maket.Soil.OpticalPropertyLink.indexFctPhase" value="3"/>
                </Properties>
            </Simulation>
            <Simulation name="exp1_lop6_ov/sequence/h_54" status="PROCESSED">
                <Properties>
                    <Property name="Trees.Trees_2.treePositionFileName" value="0_18.txt"/>
                    <Property
                        name="Maket.Soil.OpticalPropertyLink.indexFctPhase" value="0"/>
                </Properties>
            </Simulation>
            <Simulation name="exp1_lop6_ov/sequence/h_55" status="PROCESSED">
                <Properties>
                    <Property name="Trees.Trees_2.treePositionFileName" value="0_18.txt"/>
                    <Property
                        name="Maket.Soil.OpticalPropertyLink.indexFctPhase" value="2"/>
                </Properties>
            </Simulation>
            <Simulation name="exp1_lop6_ov/sequence/h_56" status="PROCESSED">
                <Properties>
                    <Property name="Trees.Trees_2.treePositionFileName" value="0_18.txt"/>
                    <Property
                        name="Maket.Soil.OpticalPropertyLink.indexFctPhase" value="3"/>
                </Properties>
            </Simulation>
            <Simulation name="exp1_lop6_ov/sequence/h_57" status="PROCESSED">
                <Properties>
                    <Property name="Trees.Trees_2.treePositionFileName" value="0_19.txt"/>
                    <Property
                        name="Maket.Soil.OpticalPropertyLink.indexFctPhase" value="0"/>
                </Properties>
            </Simulation>
            <Simulation name="exp1_lop6_ov/sequence/h_58" status="PROCESSED">
                <Properties>
                    <Property name="Trees.Trees_2.treePositionFileName" value="0_19.txt"/>
                    <Property
                        name="Maket.Soil.OpticalPropertyLink.indexFctPhase" value="2"/>
                </Properties>
            </Simulation>
            <Simulation name="exp1_lop6_ov/sequence/h_59" status="PROCESSED">
                <Properties>
                    <Property name="Trees.Trees_2.treePositionFileName" value="0_19.txt"/>
                    <Property
                        name="Maket.Soil.OpticalPropertyLink.indexFctPhase" value="3"/>
                </Properties>
            </Simulation>
            <Simulation name="exp1_lop6_ov/sequence/h_60" status="PROCESSED">
                <Properties>
                    <Property name="Trees.Trees_2.treePositionFileName" value="0_20.txt"/>
                    <Property
                        name="Maket.Soil.OpticalPropertyLink.indexFctPhase" value="0"/>
                </Properties>
            </Simulation>
            <Simulation name="exp1_lop6_ov/sequence/h_61" status="PROCESSED">
                <Properties>
                    <Property name="Trees.Trees_2.treePositionFileName" value="0_20.txt"/>
                    <Property
                        name="Maket.Soil.OpticalPropertyLink.indexFctPhase" value="2"/>
                </Properties>
            </Simulation>
            <Simulation name="exp1_lop6_ov/sequence/h_62" status="PROCESSED">
                <Properties>
                    <Property name="Trees.Trees_2.treePositionFileName" value="0_20.txt"/>
                    <Property
                        name="Maket.Soil.OpticalPropertyLink.indexFctPhase" value="3"/>
                </Properties>
            </Simulation>
            <Simulation name="exp1_lop6_ov/sequence/h_63" status="PROCESSED">
                <Properties>
                    <Property name="Trees.Trees_2.treePositionFileName" value="0_21.txt"/>
                    <Property
                        name="Maket.Soil.OpticalPropertyLink.indexFctPhase" value="0"/>
                </Properties>
            </Simulation>
            <Simulation name="exp1_lop6_ov/sequence/h_64" status="PROCESSED">
                <Properties>
                    <Property name="Trees.Trees_2.treePositionFileName" value="0_21.txt"/>
                    <Property
                        name="Maket.Soil.OpticalPropertyLink.indexFctPhase" value="2"/>
                </Properties>
            </Simulation>
            <Simulation name="exp1_lop6_ov/sequence/h_65" status="PROCESSED">
                <Properties>
                    <Property name="Trees.Trees_2.treePositionFileName" value="0_21.txt"/>
                    <Property
                        name="Maket.Soil.OpticalPropertyLink.indexFctPhase" value="3"/>
                </Properties>
            </Simulation>
            <Simulation name="exp1_lop6_ov/sequence/h_66" status="PROCESSED">
                <Properties>
                    <Property name="Trees.Trees_2.treePositionFileName" value="0_22.txt"/>
                    <Property
                        name="Maket.Soil.OpticalPropertyLink.indexFctPhase" value="0"/>
                </Properties>
            </Simulation>
            <Simulation name="exp1_lop6_ov/sequence/h_67" status="PROCESSED">
                <Properties>
                    <Property name="Trees.Trees_2.treePositionFileName" value="0_22.txt"/>
                    <Property
                        name="Maket.Soil.OpticalPropertyLink.indexFctPhase" value="2"/>
                </Properties>
            </Simulation>
            <Simulation name="exp1_lop6_ov/sequence/h_68" status="PROCESSED">
                <Properties>
                    <Property name="Trees.Trees_2.treePositionFileName" value="0_22.txt"/>
                    <Property
                        name="Maket.Soil.OpticalPropertyLink.indexFctPhase" value="3"/>
                </Properties>
            </Simulation>
            <Simulation name="exp1_lop6_ov/sequence/h_69" status="PROCESSED">
                <Properties>
                    <Property name="Trees.Trees_2.treePositionFileName" value="0_23.txt"/>
                    <Property
                        name="Maket.Soil.OpticalPropertyLink.indexFctPhase" value="0"/>
                </Properties>
            </Simulation>
            <Simulation name="exp1_lop6_ov/sequence/h_70" status="PROCESSED">
                <Properties>
                    <Property name="Trees.Trees_2.treePositionFileName" value="0_23.txt"/>
                    <Property
                        name="Maket.Soil.OpticalPropertyLink.indexFctPhase" value="2"/>
                </Properties>
            </Simulation>
            <Simulation name="exp1_lop6_ov/sequence/h_71" status="PROCESSED">
                <Properties>
                    <Property name="Trees.Trees_2.treePositionFileName" value="0_23.txt"/>
                    <Property
                        name="Maket.Soil.OpticalPropertyLink.indexFctPhase" value="3"/>
                </Properties>
            </Simulation>
            <Simulation name="exp1_lop6_ov/sequence/h_72" status="PROCESSED">
                <Properties>
                    <Property name="Trees.Trees_2.treePositionFileName" value="0_24.txt"/>
                    <Property
                        name="Maket.Soil.OpticalPropertyLink.indexFctPhase" value="0"/>
                </Properties>
            </Simulation>
            <Simulation name="exp1_lop6_ov/sequence/h_73" status="PROCESSED">
                <Properties>
                    <Property name="Trees.Trees_2.treePositionFileName" value="0_24.txt"/>
                    <Property
                        name="Maket.Soil.OpticalPropertyLink.indexFctPhase" value="2"/>
                </Properties>
            </Simulation>
            <Simulation name="exp1_lop6_ov/sequence/h_74" status="PROCESSED">
                <Properties>
                    <Property name="Trees.Trees_2.treePositionFileName" value="0_24.txt"/>
                    <Property
                        name="Maket.Soil.OpticalPropertyLink.indexFctPhase" value="3"/>
                </Properties>
            </Simulation>
            <Simulation name="exp1_lop6_ov/sequence/h_75" status="PROCESSED">
                <Properties>
                    <Property name="Trees.Trees_2.treePositionFileName" value="0_25.txt"/>
                    <Property
                        name="Maket.Soil.OpticalPropertyLink.indexFctPhase" value="0"/>
                </Properties>
            </Simulation>
            <Simulation name="exp1_lop6_ov/sequence/h_76" status="PROCESSED">
                <Properties>
                    <Property name="Trees.Trees_2.treePositionFileName" value="0_25.txt"/>
                    <Property
                        name="Maket.Soil.OpticalPropertyLink.indexFctPhase" value="2"/>
                </Properties>
            </Simulation>
            <Simulation name="exp1_lop6_ov/sequence/h_77" status="PROCESSED">
                <Properties>
                    <Property name="Trees.Trees_2.treePositionFileName" value="0_25.txt"/>
                    <Property
                        name="Maket.Soil.OpticalPropertyLink.indexFctPhase" value="3"/>
                </Properties>
            </Simulation>
            <Simulation name="exp1_lop6_ov/sequence/h_78" status="PROCESSED">
                <Properties>
                    <Property name="Trees.Trees_2.treePositionFileName" value="0_26.txt"/>
                    <Property
                        name="Maket.Soil.OpticalPropertyLink.indexFctPhase" value="0"/>
                </Properties>
            </Simulation>
            <Simulation name="exp1_lop6_ov/sequence/h_79" status="PROCESSED">
                <Properties>
                    <Property name="Trees.Trees_2.treePositionFileName" value="0_26.txt"/>
                    <Property
                        name="Maket.Soil.OpticalPropertyLink.indexFctPhase" value="2"/>
                </Properties>
            </Simulation>
            <Simulation name="exp1_lop6_ov/sequence/h_80" status="PROCESSED">
                <Properties>
                    <Property name="Trees.Trees_2.treePositionFileName" value="0_26.txt"/>
                    <Property
                        name="Maket.Soil.OpticalPropertyLink.indexFctPhase" value="3"/>
                </Properties>
            </Simulation>
            <Simulation name="exp1_lop6_ov/sequence/h_81" status="PROCESSED">
                <Properties>
                    <Property name="Trees.Trees_2.treePositionFileName" value="0_27.txt"/>
                    <Property
                        name="Maket.Soil.OpticalPropertyLink.indexFctPhase" value="0"/>
                </Properties>
            </Simulation>
            <Simulation name="exp1_lop6_ov/sequence/h_82" status="PROCESSED">
                <Properties>
                    <Property name="Trees.Trees_2.treePositionFileName" value="0_27.txt"/>
                    <Property
                        name="Maket.Soil.OpticalPropertyLink.indexFctPhase" value="2"/>
                </Properties>
            </Simulation>
            <Simulation name="exp1_lop6_ov/sequence/h_83" status="PROCESSED">
                <Properties>
                    <Property name="Trees.Trees_2.treePositionFileName" value="0_27.txt"/>
                    <Property
                        name="Maket.Soil.OpticalPropertyLink.indexFctPhase" value="3"/>
                </Properties>
            </Simulation>
            <Simulation name="exp1_lop6_ov/sequence/h_84" status="PROCESSED">
                <Properties>
                    <Property name="Trees.Trees_2.treePositionFileName" value="0_28.txt"/>
                    <Property
                        name="Maket.Soil.OpticalPropertyLink.indexFctPhase" value="0"/>
                </Properties>
            </Simulation>
            <Simulation name="exp1_lop6_ov/sequence/h_85" status="PROCESSED">
                <Properties>
                    <Property name="Trees.Trees_2.treePositionFileName" value="0_28.txt"/>
                    <Property
                        name="Maket.Soil.OpticalPropertyLink.indexFctPhase" value="2"/>
                </Properties>
            </Simulation>
            <Simulation name="exp1_lop6_ov/sequence/h_86" status="PROCESSED">
                <Properties>
                    <Property name="Trees.Trees_2.treePositionFileName" value="0_28.txt"/>
                    <Property
                        name="Maket.Soil.OpticalPropertyLink.indexFctPhase" value="3"/>
                </Properties>
            </Simulation>
            <Simulation name="exp1_lop6_ov/sequence/h_87" status="PROCESSED">
                <Properties>
                    <Property name="Trees.Trees_2.treePositionFileName" value="0_29.txt"/>
                    <Property
                        name="Maket.Soil.OpticalPropertyLink.indexFctPhase" value="0"/>
                </Properties>
            </Simulation>
            <Simulation name="exp1_lop6_ov/sequence/h_88" status="PROCESSED">
                <Properties>
                    <Property name="Trees.Trees_2.treePositionFileName" value="0_29.txt"/>
                    <Property
                        name="Maket.Soil.OpticalPropertyLink.indexFctPhase" value="2"/>
                </Properties>
            </Simulation>
            <Simulation name="exp1_lop6_ov/sequence/h_89" status="PROCESSED">
                <Properties>
                    <Property name="Trees.Trees_2.treePositionFileName" value="0_29.txt"/>
                    <Property
                        name="Maket.Soil.OpticalPropertyLink.indexFctPhase" value="3"/>
                </Properties>
            </Simulation>
            <Simulation name="exp1_lop6_ov/sequence/h_90" status="PROCESSED">
                <Properties>
                    <Property name="Trees.Trees_2.treePositionFileName" value="0_30.txt"/>
                    <Property
                        name="Maket.Soil.OpticalPropertyLink.indexFctPhase" value="0"/>
                </Properties>
            </Simulation>
            <Simulation name="exp1_lop6_ov/sequence/h_91" status="PROCESSED">
                <Properties>
                    <Property name="Trees.Trees_2.treePositionFileName" value="0_30.txt"/>
                    <Property
                        name="Maket.Soil.OpticalPropertyLink.indexFctPhase" value="2"/>
                </Properties>
            </Simulation>
            <Simulation name="exp1_lop6_ov/sequence/h_92" status="PROCESSED">
                <Properties>
                    <Property name="Trees.Trees_2.treePositionFileName" value="0_30.txt"/>
                    <Property
                        name="Maket.Soil.OpticalPropertyLink.indexFctPhase" value="3"/>
                </Properties>
            </Simulation>
            <Simulation name="exp1_lop6_ov/sequence/h_93" status="PROCESSED">
                <Properties>
                    <Property name="Trees.Trees_2.treePositionFileName" value="0_31.txt"/>
                    <Property
                        name="Maket.Soil.OpticalPropertyLink.indexFctPhase" value="0"/>
                </Properties>
            </Simulation>
            <Simulation name="exp1_lop6_ov/sequence/h_94" status="PROCESSED">
                <Properties>
                    <Property name="Trees.Trees_2.treePositionFileName" value="0_31.txt"/>
                    <Property
                        name="Maket.Soil.OpticalPropertyLink.indexFctPhase" value="2"/>
                </Properties>
            </Simulation>
            <Simulation name="exp1_lop6_ov/sequence/h_95" status="PROCESSED">
                <Properties>
                    <Property name="Trees.Trees_2.treePositionFileName" value="0_31.txt"/>
                    <Property
                        name="Maket.Soil.OpticalPropertyLink.indexFctPhase" value="3"/>
                </Properties>
            </Simulation>
            <Simulation name="exp1_lop6_ov/sequence/h_96" status="PROCESSED">
                <Properties>
                    <Property name="Trees.Trees_2.treePositionFileName" value="0_32.txt"/>
                    <Property
                        name="Maket.Soil.OpticalPropertyLink.indexFctPhase" value="0"/>
                </Properties>
            </Simulation>
            <Simulation name="exp1_lop6_ov/sequence/h_97" status="PROCESSED">
                <Properties>
                    <Property name="Trees.Trees_2.treePositionFileName" value="0_32.txt"/>
                    <Property
                        name="Maket.Soil.OpticalPropertyLink.indexFctPhase" value="2"/>
                </Properties>
            </Simulation>
            <Simulation name="exp1_lop6_ov/sequence/h_98" status="PROCESSED">
                <Properties>
                    <Property name="Trees.Trees_2.treePositionFileName" value="0_32.txt"/>
                    <Property
                        name="Maket.Soil.OpticalPropertyLink.indexFctPhase" value="3"/>
                </Properties>
            </Simulation>
            <Simulation name="exp1_lop6_ov/sequence/h_99" status="PROCESSED">
                <Properties>
                    <Property name="Trees.Trees_2.treePositionFileName" value="0_33.txt"/>
                    <Property
                        name="Maket.Soil.OpticalPropertyLink.indexFctPhase" value="0"/>
                </Properties>
            </Simulation>
            <Simulation name="exp1_lop6_ov/sequence/h_100" status="PROCESSED">
                <Properties>
                    <Property name="Trees.Trees_2.treePositionFileName" value="0_33.txt"/>
                    <Property
                        name="Maket.Soil.OpticalPropertyLink.indexFctPhase" value="2"/>
                </Properties>
            </Simulation>
            <Simulation name="exp1_lop6_ov/sequence/h_101" status="PROCESSED">
                <Properties>
                    <Property name="Trees.Trees_2.treePositionFileName" value="0_33.txt"/>
                    <Property
                        name="Maket.Soil.OpticalPropertyLink.indexFctPhase" value="3"/>
                </Properties>
            </Simulation>
            <Simulation name="exp1_lop6_ov/sequence/h_102" status="PROCESSED">
                <Properties>
                    <Property name="Trees.Trees_2.treePositionFileName" value="0_34.txt"/>
                    <Property
                        name="Maket.Soil.OpticalPropertyLink.indexFctPhase" value="0"/>
                </Properties>
            </Simulation>
            <Simulation name="exp1_lop6_ov/sequence/h_103" status="PROCESSED">
                <Properties>
                    <Property name="Trees.Trees_2.treePositionFileName" value="0_34.txt"/>
                    <Property
                        name="Maket.Soil.OpticalPropertyLink.indexFctPhase" value="2"/>
                </Properties>
            </Simulation>
            <Simulation name="exp1_lop6_ov/sequence/h_104" status="PROCESSED">
                <Properties>
                    <Property name="Trees.Trees_2.treePositionFileName" value="0_34.txt"/>
                    <Property
                        name="Maket.Soil.OpticalPropertyLink.indexFctPhase" value="3"/>
                </Properties>
            </Simulation>
            <Simulation name="exp1_lop6_ov/sequence/h_105" status="PROCESSED">
                <Properties>
                    <Property name="Trees.Trees_2.treePositionFileName" value="0_35.txt"/>
                    <Property
                        name="Maket.Soil.OpticalPropertyLink.indexFctPhase" value="0"/>
                </Properties>
            </Simulation>
            <Simulation name="exp1_lop6_ov/sequence/h_106" status="PROCESSED">
                <Properties>
                    <Property name="Trees.Trees_2.treePositionFileName" value="0_35.txt"/>
                    <Property
                        name="Maket.Soil.OpticalPropertyLink.indexFctPhase" value="2"/>
                </Properties>
            </Simulation>
            <Simulation name="exp1_lop6_ov/sequence/h_107" status="PROCESSED">
                <Properties>
                    <Property name="Trees.Trees_2.treePositionFileName" value="0_35.txt"/>
                    <Property
                        name="Maket.Soil.OpticalPropertyLink.indexFctPhase" value="3"/>
                </Properties>
            </Simulation>
            <Simulation name="exp1_lop6_ov/sequence/h_108" status="PROCESSED">
                <Properties>
                    <Property name="Trees.Trees_2.treePositionFileName" value="0_36.txt"/>
                    <Property
                        name="Maket.Soil.OpticalPropertyLink.indexFctPhase" value="0"/>
                </Properties>
            </Simulation>
            <Simulation name="exp1_lop6_ov/sequence/h_109" status="PROCESSED">
                <Properties>
                    <Property name="Trees.Trees_2.treePositionFileName" value="0_36.txt"/>
                    <Property
                        name="Maket.Soil.OpticalPropertyLink.indexFctPhase" value="2"/>
                </Properties>
            </Simulation>
            <Simulation name="exp1_lop6_ov/sequence/h_110" status="PROCESSED">
                <Properties>
                    <Property name="Trees.Trees_2.treePositionFileName" value="0_36.txt"/>
                    <Property
                        name="Maket.Soil.OpticalPropertyLink.indexFctPhase" value="3"/>
                </Properties>
            </Simulation>
            <Simulation name="exp1_lop6_ov/sequence/h_111" status="PROCESSED">
                <Properties>
                    <Property name="Trees.Trees_2.treePositionFileName" value="0_37.txt"/>
                    <Property
                        name="Maket.Soil.OpticalPropertyLink.indexFctPhase" value="0"/>
                </Properties>
            </Simulation>
            <Simulation name="exp1_lop6_ov/sequence/h_112" status="PROCESSED">
                <Properties>
                    <Property name="Trees.Trees_2.treePositionFileName" value="0_37.txt"/>
                    <Property
                        name="Maket.Soil.OpticalPropertyLink.indexFctPhase" value="2"/>
                </Properties>
            </Simulation>
            <Simulation name="exp1_lop6_ov/sequence/h_113" status="PROCESSED">
                <Properties>
                    <Property name="Trees.Trees_2.treePositionFileName" value="0_37.txt"/>
                    <Property
                        name="Maket.Soil.OpticalPropertyLink.indexFctPhase" value="3"/>
                </Properties>
            </Simulation>
            <Simulation name="exp1_lop6_ov/sequence/h_114" status="PROCESSED">
                <Properties>
                    <Property name="Trees.Trees_2.treePositionFileName" value="0_38.txt"/>
                    <Property
                        name="Maket.Soil.OpticalPropertyLink.indexFctPhase" value="0"/>
                </Properties>
            </Simulation>
            <Simulation name="exp1_lop6_ov/sequence/h_115" status="PROCESSED">
                <Properties>
                    <Property name="Trees.Trees_2.treePositionFileName" value="0_38.txt"/>
                    <Property
                        name="Maket.Soil.OpticalPropertyLink.indexFctPhase" value="2"/>
                </Properties>
            </Simulation>
            <Simulation name="exp1_lop6_ov/sequence/h_116" status="PROCESSED">
                <Properties>
                    <Property name="Trees.Trees_2.treePositionFileName" value="0_38.txt"/>
                    <Property
                        name="Maket.Soil.OpticalPropertyLink.indexFctPhase" value="3"/>
                </Properties>
            </Simulation>
            <Simulation name="exp1_lop6_ov/sequence/h_117" status="PROCESSED">
                <Properties>
                    <Property name="Trees.Trees_2.treePositionFileName" value="0_39.txt"/>
                    <Property
                        name="Maket.Soil.OpticalPropertyLink.indexFctPhase" value="0"/>
                </Properties>
            </Simulation>
            <Simulation name="exp1_lop6_ov/sequence/h_118" status="PROCESSED">
                <Properties>
                    <Property name="Trees.Trees_2.treePositionFileName" value="0_39.txt"/>
                    <Property
                        name="Maket.Soil.OpticalPropertyLink.indexFctPhase" value="2"/>
                </Properties>
            </Simulation>
            <Simulation name="exp1_lop6_ov/sequence/h_119" status="PROCESSED">
                <Properties>
                    <Property name="Trees.Trees_2.treePositionFileName" value="0_39.txt"/>
                    <Property
                        name="Maket.Soil.OpticalPropertyLink.indexFctPhase" value="3"/>
                </Properties>
            </Simulation>
            <Simulation name="exp1_lop6_ov/sequence/h_120" status="PROCESSED">
                <Properties>
                    <Property name="Trees.Trees_2.treePositionFileName" value="0_40.txt"/>
                    <Property
                        name="Maket.Soil.OpticalPropertyLink.indexFctPhase" value="0"/>
                </Properties>
            </Simulation>
            <Simulation name="exp1_lop6_ov/sequence/h_121" status="PROCESSED">
                <Properties>
                    <Property name="Trees.Trees_2.treePositionFileName" value="0_40.txt"/>
                    <Property
                        name="Maket.Soil.OpticalPropertyLink.indexFctPhase" value="2"/>
                </Properties>
            </Simulation>
            <Simulation name="exp1_lop6_ov/sequence/h_122" status="PROCESSED">
                <Properties>
                    <Property name="Trees.Trees_2.treePositionFileName" value="0_40.txt"/>
                    <Property
                        name="Maket.Soil.OpticalPropertyLink.indexFctPhase" value="3"/>
                </Properties>
            </Simulation>
            <Simulation name="exp1_lop6_ov/sequence/h_123" status="PROCESSED">
                <Properties>
                    <Property name="Trees.Trees_2.treePositionFileName" value="0_41.txt"/>
                    <Property
                        name="Maket.Soil.OpticalPropertyLink.indexFctPhase" value="0"/>
                </Properties>
            </Simulation>
            <Simulation name="exp1_lop6_ov/sequence/h_124" status="PROCESSED">
                <Properties>
                    <Property name="Trees.Trees_2.treePositionFileName" value="0_41.txt"/>
                    <Property
                        name="Maket.Soil.OpticalPropertyLink.indexFctPhase" value="2"/>
                </Properties>
            </Simulation>
            <Simulation name="exp1_lop6_ov/sequence/h_125" status="PROCESSED">
                <Properties>
                    <Property name="Trees.Trees_2.treePositionFileName" value="0_41.txt"/>
                    <Property
                        name="Maket.Soil.OpticalPropertyLink.indexFctPhase" value="3"/>
                </Properties>
            </Simulation>
            <Simulation name="exp1_lop6_ov/sequence/h_126" status="PROCESSED">
                <Properties>
                    <Property name="Trees.Trees_2.treePositionFileName" value="0_42.txt"/>
                    <Property
                        name="Maket.Soil.OpticalPropertyLink.indexFctPhase" value="0"/>
                </Properties>
            </Simulation>
            <Simulation name="exp1_lop6_ov/sequence/h_127" status="PROCESSED">
                <Properties>
                    <Property name="Trees.Trees_2.treePositionFileName" value="0_42.txt"/>
                    <Property
                        name="Maket.Soil.OpticalPropertyLink.indexFctPhase" value="2"/>
                </Properties>
            </Simulation>
            <Simulation name="exp1_lop6_ov/sequence/h_128" status="PROCESSED">
                <Properties>
                    <Property name="Trees.Trees_2.treePositionFileName" value="0_42.txt"/>
                    <Property
                        name="Maket.Soil.OpticalPropertyLink.indexFctPhase" value="3"/>
                </Properties>
            </Simulation>
            <Simulation name="exp1_lop6_ov/sequence/h_129" status="PROCESSED">
                <Properties>
                    <Property name="Trees.Trees_2.treePositionFileName" value="0_43.txt"/>
                    <Property
                        name="Maket.Soil.OpticalPropertyLink.indexFctPhase" value="0"/>
                </Properties>
            </Simulation>
            <Simulation name="exp1_lop6_ov/sequence/h_130" status="PROCESSED">
                <Properties>
                    <Property name="Trees.Trees_2.treePositionFileName" value="0_43.txt"/>
                    <Property
                        name="Maket.Soil.OpticalPropertyLink.indexFctPhase" value="2"/>
                </Properties>
            </Simulation>
            <Simulation name="exp1_lop6_ov/sequence/h_131" status="PROCESSED">
                <Properties>
                    <Property name="Trees.Trees_2.treePositionFileName" value="0_43.txt"/>
                    <Property
                        name="Maket.Soil.OpticalPropertyLink.indexFctPhase" value="3"/>
                </Properties>
            </Simulation>
            <Simulation name="exp1_lop6_ov/sequence/h_132" status="PROCESSED">
                <Properties>
                    <Property name="Trees.Trees_2.treePositionFileName" value="0_44.txt"/>
                    <Property
                        name="Maket.Soil.OpticalPropertyLink.indexFctPhase" value="0"/>
                </Properties>
            </Simulation>
            <Simulation name="exp1_lop6_ov/sequence/h_133" status="PROCESSED">
                <Properties>
                    <Property name="Trees.Trees_2.treePositionFileName" value="0_44.txt"/>
                    <Property
                        name="Maket.Soil.OpticalPropertyLink.indexFctPhase" value="2"/>
                </Properties>
            </Simulation>
            <Simulation name="exp1_lop6_ov/sequence/h_134" status="PROCESSED">
                <Properties>
                    <Property name="Trees.Trees_2.treePositionFileName" value="0_44.txt"/>
                    <Property
                        name="Maket.Soil.OpticalPropertyLink.indexFctPhase" value="3"/>
                </Properties>
            </Simulation>
            <Simulation name="exp1_lop6_ov/sequence/h_135" status="PROCESSED">
                <Properties>
                    <Property name="Trees.Trees_2.treePositionFileName" value="0_45.txt"/>
                    <Property
                        name="Maket.Soil.OpticalPropertyLink.indexFctPhase" value="0"/>
                </Properties>
            </Simulation>
            <Simulation name="exp1_lop6_ov/sequence/h_136" status="PROCESSED">
                <Properties>
                    <Property name="Trees.Trees_2.treePositionFileName" value="0_45.txt"/>
                    <Property
                        name="Maket.Soil.OpticalPropertyLink.indexFctPhase" value="2"/>
                </Properties>
            </Simulation>
            <Simulation name="exp1_lop6_ov/sequence/h_137" status="PROCESSED">
                <Properties>
                    <Property name="Trees.Trees_2.treePositionFileName" value="0_45.txt"/>
                    <Property
                        name="Maket.Soil.OpticalPropertyLink.indexFctPhase" value="3"/>
                </Properties>
            </Simulation>
            <Simulation name="exp1_lop6_ov/sequence/h_138" status="PROCESSED">
                <Properties>
                    <Property name="Trees.Trees_2.treePositionFileName" value="0_46.txt"/>
                    <Property
                        name="Maket.Soil.OpticalPropertyLink.indexFctPhase" value="0"/>
                </Properties>
            </Simulation>
            <Simulation name="exp1_lop6_ov/sequence/h_139" status="PROCESSED">
                <Properties>
                    <Property name="Trees.Trees_2.treePositionFileName" value="0_46.txt"/>
                    <Property
                        name="Maket.Soil.OpticalPropertyLink.indexFctPhase" value="2"/>
                </Properties>
            </Simulation>
            <Simulation name="exp1_lop6_ov/sequence/h_140" status="PROCESSED">
                <Properties>
                    <Property name="Trees.Trees_2.treePositionFileName" value="0_46.txt"/>
                    <Property
                        name="Maket.Soil.OpticalPropertyLink.indexFctPhase" value="3"/>
                </Properties>
            </Simulation>
            <Simulation name="exp1_lop6_ov/sequence/h_141" status="PROCESSED">
                <Properties>
                    <Property name="Trees.Trees_2.treePositionFileName" value="0_47.txt"/>
                    <Property
                        name="Maket.Soil.OpticalPropertyLink.indexFctPhase" value="0"/>
                </Properties>
            </Simulation>
            <Simulation name="exp1_lop6_ov/sequence/h_142" status="PROCESSED">
                <Properties>
                    <Property name="Trees.Trees_2.treePositionFileName" value="0_47.txt"/>
                    <Property
                        name="Maket.Soil.OpticalPropertyLink.indexFctPhase" value="2"/>
                </Properties>
            </Simulation>
            <Simulation name="exp1_lop6_ov/sequence/h_143" status="PROCESSED">
                <Properties>
                    <Property name="Trees.Trees_2.treePositionFileName" value="0_47.txt"/>
                    <Property
                        name="Maket.Soil.OpticalPropertyLink.indexFctPhase" value="3"/>
                </Properties>
            </Simulation>
            <Simulation name="exp1_lop6_ov/sequence/h_144" status="PROCESSED">
                <Properties>
                    <Property name="Trees.Trees_2.treePositionFileName" value="0_48.txt"/>
                    <Property
                        name="Maket.Soil.OpticalPropertyLink.indexFctPhase" value="0"/>
                </Properties>
            </Simulation>
            <Simulation name="exp1_lop6_ov/sequence/h_145" status="PROCESSED">
                <Properties>
                    <Property name="Trees.Trees_2.treePositionFileName" value="0_48.txt"/>
                    <Property
                        name="Maket.Soil.OpticalPropertyLink.indexFctPhase" value="2"/>
                </Properties>
            </Simulation>
            <Simulation name="exp1_lop6_ov/sequence/h_146" status="PROCESSED">
                <Properties>
                    <Property name="Trees.Trees_2.treePositionFileName" value="0_48.txt"/>
                    <Property
                        name="Maket.Soil.OpticalPropertyLink.indexFctPhase" value="3"/>
                </Properties>
            </Simulation>
            <Simulation name="exp1_lop6_ov/sequence/h_147" status="PROCESSED">
                <Properties>
                    <Property name="Trees.Trees_2.treePositionFileName" value="0_49.txt"/>
                    <Property
                        name="Maket.Soil.OpticalPropertyLink.indexFctPhase" value="0"/>
                </Properties>
            </Simulation>
            <Simulation name="exp1_lop6_ov/sequence/h_148" status="PROCESSED">
                <Properties>
                    <Property name="Trees.Trees_2.treePositionFileName" value="0_49.txt"/>
                    <Property
                        name="Maket.Soil.OpticalPropertyLink.indexFctPhase" value="2"/>
                </Properties>
            </Simulation>
            <Simulation name="exp1_lop6_ov/sequence/h_149" status="PROCESSED">
                <Properties>
                    <Property name="Trees.Trees_2.treePositionFileName" value="0_49.txt"/>
                    <Property
                        name="Maket.Soil.OpticalPropertyLink.indexFctPhase" value="3"/>
                </Properties>
            </Simulation>
            <Simulation name="exp1_lop6_ov/sequence/h_150" status="PROCESSED">
                <Properties>
                    <Property name="Trees.Trees_2.treePositionFileName" value="0_50.txt"/>
                    <Property
                        name="Maket.Soil.OpticalPropertyLink.indexFctPhase" value="0"/>
                </Properties>
            </Simulation>
            <Simulation name="exp1_lop6_ov/sequence/h_151" status="PROCESSED">
                <Properties>
                    <Property name="Trees.Trees_2.treePositionFileName" value="0_50.txt"/>
                    <Property
                        name="Maket.Soil.OpticalPropertyLink.indexFctPhase" value="2"/>
                </Properties>
            </Simulation>
            <Simulation name="exp1_lop6_ov/sequence/h_152" status="PROCESSED">
                <Properties>
                    <Property name="Trees.Trees_2.treePositionFileName" value="0_50.txt"/>
                    <Property
                        name="Maket.Soil.OpticalPropertyLink.indexFctPhase" value="3"/>
                </Properties>
            </Simulation>
            <Simulation name="exp1_lop6_ov/sequence/h_153" status="PROCESSED">
                <Properties>
                    <Property name="Trees.Trees_2.treePositionFileName" value="0_51.txt"/>
                    <Property
                        name="Maket.Soil.OpticalPropertyLink.indexFctPhase" value="0"/>
                </Properties>
            </Simulation>
            <Simulation name="exp1_lop6_ov/sequence/h_154" status="PROCESSED">
                <Properties>
                    <Property name="Trees.Trees_2.treePositionFileName" value="0_51.txt"/>
                    <Property
                        name="Maket.Soil.OpticalPropertyLink.indexFctPhase" value="2"/>
                </Properties>
            </Simulation>
            <Simulation name="exp1_lop6_ov/sequence/h_155" status="PROCESSED">
                <Properties>
                    <Property name="Trees.Trees_2.treePositionFileName" value="0_51.txt"/>
                    <Property
                        name="Maket.Soil.OpticalPropertyLink.indexFctPhase" value="3"/>
                </Properties>
            </Simulation>
            <Simulation name="exp1_lop6_ov/sequence/h_156" status="PROCESSED">
                <Properties>
                    <Property name="Trees.Trees_2.treePositionFileName" value="0_52.txt"/>
                    <Property
                        name="Maket.Soil.OpticalPropertyLink.indexFctPhase" value="0"/>
                </Properties>
            </Simulation>
            <Simulation name="exp1_lop6_ov/sequence/h_157" status="PROCESSED">
                <Properties>
                    <Property name="Trees.Trees_2.treePositionFileName" value="0_52.txt"/>
                    <Property
                        name="Maket.Soil.OpticalPropertyLink.indexFctPhase" value="2"/>
                </Properties>
            </Simulation>
            <Simulation name="exp1_lop6_ov/sequence/h_158" status="PROCESSED">
                <Properties>
                    <Property name="Trees.Trees_2.treePositionFileName" value="0_52.txt"/>
                    <Property
                        name="Maket.Soil.OpticalPropertyLink.indexFctPhase" value="3"/>
                </Properties>
            </Simulation>
            <Simulation name="exp1_lop6_ov/sequence/h_159" status="PROCESSED">
                <Properties>
                    <Property name="Trees.Trees_2.treePositionFileName" value="0_53.txt"/>
                    <Property
                        name="Maket.Soil.OpticalPropertyLink.indexFctPhase" value="0"/>
                </Properties>
            </Simulation>
            <Simulation name="exp1_lop6_ov/sequence/h_160" status="PROCESSED">
                <Properties>
                    <Property name="Trees.Trees_2.treePositionFileName" value="0_53.txt"/>
                    <Property
                        name="Maket.Soil.OpticalPropertyLink.indexFctPhase" value="2"/>
                </Properties>
            </Simulation>
            <Simulation name="exp1_lop6_ov/sequence/h_161" status="PROCESSED">
                <Properties>
                    <Property name="Trees.Trees_2.treePositionFileName" value="0_53.txt"/>
                    <Property
                        name="Maket.Soil.OpticalPropertyLink.indexFctPhase" value="3"/>
                </Properties>
            </Simulation>
            <Simulation name="exp1_lop6_ov/sequence/h_162" status="PROCESSED">
                <Properties>
                    <Property name="Trees.Trees_2.treePositionFileName" value="0_54.txt"/>
                    <Property
                        name="Maket.Soil.OpticalPropertyLink.indexFctPhase" value="0"/>
                </Properties>
            </Simulation>
            <Simulation name="exp1_lop6_ov/sequence/h_163" status="PROCESSED">
                <Properties>
                    <Property name="Trees.Trees_2.treePositionFileName" value="0_54.txt"/>
                    <Property
                        name="Maket.Soil.OpticalPropertyLink.indexFctPhase" value="2"/>
                </Properties>
            </Simulation>
            <Simulation name="exp1_lop6_ov/sequence/h_164" status="PROCESSED">
                <Properties>
                    <Property name="Trees.Trees_2.treePositionFileName" value="0_54.txt"/>
                    <Property
                        name="Maket.Soil.OpticalPropertyLink.indexFctPhase" value="3"/>
                </Properties>
            </Simulation>
            <Simulation name="exp1_lop6_ov/sequence/h_165" status="PROCESSED">
                <Properties>
                    <Property name="Trees.Trees_2.treePositionFileName" value="0_55.txt"/>
                    <Property
                        name="Maket.Soil.OpticalPropertyLink.indexFctPhase" value="0"/>
                </Properties>
            </Simulation>
            <Simulation name="exp1_lop6_ov/sequence/h_166" status="PROCESSED">
                <Properties>
                    <Property name="Trees.Trees_2.treePositionFileName" value="0_55.txt"/>
                    <Property
                        name="Maket.Soil.OpticalPropertyLink.indexFctPhase" value="2"/>
                </Properties>
            </Simulation>
            <Simulation name="exp1_lop6_ov/sequence/h_167" status="PROCESSED">
                <Properties>
                    <Property name="Trees.Trees_2.treePositionFileName" value="0_55.txt"/>
                    <Property
                        name="Maket.Soil.OpticalPropertyLink.indexFctPhase" value="3"/>
                </Properties>
            </Simulation>
            <Simulation name="exp1_lop6_ov/sequence/h_168" status="PROCESSED">
                <Properties>
                    <Property name="Trees.Trees_2.treePositionFileName" value="0_56.txt"/>
                    <Property
                        name="Maket.Soil.OpticalPropertyLink.indexFctPhase" value="0"/>
                </Properties>
            </Simulation>
            <Simulation name="exp1_lop6_ov/sequence/h_169" status="PROCESSED">
                <Properties>
                    <Property name="Trees.Trees_2.treePositionFileName" value="0_56.txt"/>
                    <Property
                        name="Maket.Soil.OpticalPropertyLink.indexFctPhase" value="2"/>
                </Properties>
            </Simulation>
            <Simulation name="exp1_lop6_ov/sequence/h_170" status="PROCESSED">
                <Properties>
                    <Property name="Trees.Trees_2.treePositionFileName" value="0_56.txt"/>
                    <Property
                        name="Maket.Soil.OpticalPropertyLink.indexFctPhase" value="3"/>
                </Properties>
            </Simulation>
            <Simulation name="exp1_lop6_ov/sequence/h_171" status="PROCESSED">
                <Properties>
                    <Property name="Trees.Trees_2.treePositionFileName" value="0_57.txt"/>
                    <Property
                        name="Maket.Soil.OpticalPropertyLink.indexFctPhase" value="0"/>
                </Properties>
            </Simulation>
            <Simulation name="exp1_lop6_ov/sequence/h_172" status="PROCESSED">
                <Properties>
                    <Property name="Trees.Trees_2.treePositionFileName" value="0_57.txt"/>
                    <Property
                        name="Maket.Soil.OpticalPropertyLink.indexFctPhase" value="2"/>
                </Properties>
            </Simulation>
            <Simulation name="exp1_lop6_ov/sequence/h_173" status="TO_PROCESS">
                <Properties>
                    <Property name="Trees.Trees_2.treePositionFileName" value="0_57.txt"/>
                    <Property
                        name="Maket.Soil.OpticalPropertyLink.indexFctPhase" value="3"/>
                </Properties>
            </Simulation>
            <Simulation name="exp1_lop6_ov/sequence/h_174" status="TO_PROCESS">
                <Properties>
                    <Property name="Trees.Trees_2.treePositionFileName" value="0_58.txt"/>
                    <Property
                        name="Maket.Soil.OpticalPropertyLink.indexFctPhase" value="0"/>
                </Properties>
            </Simulation>
            <Simulation name="exp1_lop6_ov/sequence/h_175" status="TO_PROCESS">
                <Properties>
                    <Property name="Trees.Trees_2.treePositionFileName" value="0_58.txt"/>
                    <Property
                        name="Maket.Soil.OpticalPropertyLink.indexFctPhase" value="2"/>
                </Properties>
            </Simulation>
            <Simulation name="exp1_lop6_ov/sequence/h_176" status="TO_PROCESS">
                <Properties>
                    <Property name="Trees.Trees_2.treePositionFileName" value="0_58.txt"/>
                    <Property
                        name="Maket.Soil.OpticalPropertyLink.indexFctPhase" value="3"/>
                </Properties>
            </Simulation>
            <Simulation name="exp1_lop6_ov/sequence/h_177" status="TO_PROCESS">
                <Properties>
                    <Property name="Trees.Trees_2.treePositionFileName" value="0_59.txt"/>
                    <Property
                        name="Maket.Soil.OpticalPropertyLink.indexFctPhase" value="0"/>
                </Properties>
            </Simulation>
            <Simulation name="exp1_lop6_ov/sequence/h_178" status="TO_PROCESS">
                <Properties>
                    <Property name="Trees.Trees_2.treePositionFileName" value="0_59.txt"/>
                    <Property
                        name="Maket.Soil.OpticalPropertyLink.indexFctPhase" value="2"/>
                </Properties>
            </Simulation>
            <Simulation name="exp1_lop6_ov/sequence/h_179" status="TO_PROCESS">
                <Properties>
                    <Property name="Trees.Trees_2.treePositionFileName" value="0_59.txt"/>
                    <Property
                        name="Maket.Soil.OpticalPropertyLink.indexFctPhase" value="3"/>
                </Properties>
            </Simulation>
            <Simulation name="exp1_lop6_ov/sequence/h_180" status="TO_PROCESS">
                <Properties>
                    <Property name="Trees.Trees_2.treePositionFileName" value="0_60.txt"/>
                    <Property
                        name="Maket.Soil.OpticalPropertyLink.indexFctPhase" value="0"/>
                </Properties>
            </Simulation>
            <Simulation name="exp1_lop6_ov/sequence/h_181" status="TO_PROCESS">
                <Properties>
                    <Property name="Trees.Trees_2.treePositionFileName" value="0_60.txt"/>
                    <Property
                        name="Maket.Soil.OpticalPropertyLink.indexFctPhase" value="2"/>
                </Properties>
            </Simulation>
            <Simulation name="exp1_lop6_ov/sequence/h_182" status="TO_PROCESS">
                <Properties>
                    <Property name="Trees.Trees_2.treePositionFileName" value="0_60.txt"/>
                    <Property
                        name="Maket.Soil.OpticalPropertyLink.indexFctPhase" value="3"/>
                </Properties>
            </Simulation>
            <Simulation name="exp1_lop6_ov/sequence/h_183" status="TO_PROCESS">
                <Properties>
                    <Property name="Trees.Trees_2.treePositionFileName" value="0_61.txt"/>
                    <Property
                        name="Maket.Soil.OpticalPropertyLink.indexFctPhase" value="0"/>
                </Properties>
            </Simulation>
            <Simulation name="exp1_lop6_ov/sequence/h_184" status="TO_PROCESS">
                <Properties>
                    <Property name="Trees.Trees_2.treePositionFileName" value="0_61.txt"/>
                    <Property
                        name="Maket.Soil.OpticalPropertyLink.indexFctPhase" value="2"/>
                </Properties>
            </Simulation>
            <Simulation name="exp1_lop6_ov/sequence/h_185" status="TO_PROCESS">
                <Properties>
                    <Property name="Trees.Trees_2.treePositionFileName" value="0_61.txt"/>
                    <Property
                        name="Maket.Soil.OpticalPropertyLink.indexFctPhase" value="3"/>
                </Properties>
            </Simulation>
            <Simulation name="exp1_lop6_ov/sequence/h_186" status="TO_PROCESS">
                <Properties>
                    <Property name="Trees.Trees_2.treePositionFileName" value="0_62.txt"/>
                    <Property
                        name="Maket.Soil.OpticalPropertyLink.indexFctPhase" value="0"/>
                </Properties>
            </Simulation>
            <Simulation name="exp1_lop6_ov/sequence/h_187" status="TO_PROCESS">
                <Properties>
                    <Property name="Trees.Trees_2.treePositionFileName" value="0_62.txt"/>
                    <Property
                        name="Maket.Soil.OpticalPropertyLink.indexFctPhase" value="2"/>
                </Properties>
            </Simulation>
            <Simulation name="exp1_lop6_ov/sequence/h_188" status="TO_PROCESS">
                <Properties>
                    <Property name="Trees.Trees_2.treePositionFileName" value="0_62.txt"/>
                    <Property
                        name="Maket.Soil.OpticalPropertyLink.indexFctPhase" value="3"/>
                </Properties>
            </Simulation>
        </Simulations>
        <DartSequencerPreferences atmosphereMaketLaunched="false"
            dartLaunched="true" deleteAll="false"
            deleteAtmosphere="true" deleteAtmosphereMaket="true"
            deleteDartLut="true" deleteDartSequenceur="true"
            deleteDartTxt="true" deleteDirection="false"
            deleteInputs="true" deleteLibPhase="true" deleteMaket="true"
            deleteMaketTreeResults="true" deleteTreePosition="false"
            deleteTriangles="true" demGeneratorLaunched="false"
            directionLaunched="true" displayEnabled="true" genMode="XML"
            hapkeLaunched="false" individualDisplayEnabled="false"
            maketLaunched="true" numberParallelThreads="1"
            phaseLaunched="true" prospectLaunched="false"
            triangleFileProcessorLaunched="false" useBroadBand="true"
            useSceneSpectra="true" vegetationLaunched="false" zippedResults="false"/>
        <DartLutPreferences addedDirection="false" atmosToa="false"
            atmosToaOrdre="false" coupl="false" fluorescence="false"
            generateLUT="true" iterx="true" luminance="true"
            maketCoverage="false" ordre="true" otherIter="false"
            phiMax="" phiMin="" productsPerType="false"
            reflectance="true" sensor="false" storeIndirect="false"
            thetaMax="" thetaMin="" toa="true"/>
    </DartSequence>
</DartFile>
