<?xml version="1.0" encoding="UTF-8"?>
<DartFile version="1.0">
    <DartSequencerDescriptor sequenceName="sequence;;h">
        <DartSequencerDescriptorEntries>
            <DartSequencerDescriptorGroup groupName="h">
                <DartSequencerDescriptorEntry
                    args="0_1_1_0.txt;0_1_1_1.txt;0_1_1_2.txt;0_1_1_3.txt;0_1_2_4.txt;0_1_2_5.txt;0_1_2_6.txt;0_1_2_7.txt;0_1_2_8.txt;0_1_2_9.txt;0_1_3_10.txt;0_1_3_11.txt;0_1_3_12.txt;0_1_3_13.txt;0_1_4_14.txt;0_1_1_15.txt;0_1_1_16.txt;0_1_1_17.txt;0_1_1_18.txt;0_1_2_19.txt;0_1_2_20.txt;0_1_2_21.txt;0_1_2_22.txt;0_1_2_23.txt;0_1_2_24.txt;0_1_3_25.txt;0_1_3_26.txt;0_1_3_27.txt;0_1_3_28.txt;0_1_4_29.txt;0_1_1_30.txt;0_1_1_31.txt;0_1_1_32.txt;0_1_1_33.txt;0_1_2_34.txt;0_1_2_35.txt;0_1_2_36.txt;0_1_2_37.txt;0_1_2_38.txt;0_1_2_39.txt;0_1_3_40.txt;0_1_3_41.txt;0_1_3_42.txt;0_1_3_43.txt;0_1_4_44.txt;0_1_1_45.txt;0_1_1_46.txt;0_1_1_47.txt;0_1_1_48.txt;0_1_2_49.txt;0_1_2_50.txt;0_1_2_51.txt;0_1_2_52.txt;0_1_2_53.txt;0_1_2_54.txt;0_1_3_55.txt;0_1_3_56.txt;0_1_3_57.txt;0_1_3_58.txt;0_1_4_59.txt;0_2_1_60.txt;0_2_1_61.txt;0_2_1_62.txt;0_2_1_63.txt;0_2_2_64.txt;0_2_2_65.txt;0_2_2_66.txt;0_2_2_67.txt;0_2_2_68.txt;0_2_2_69.txt;0_2_3_70.txt;0_2_3_71.txt;0_2_3_72.txt;0_2_3_73.txt;0_2_4_74.txt;0_2_1_75.txt;0_2_1_76.txt;0_2_1_77.txt;0_2_1_78.txt;0_2_2_79.txt;0_2_2_80.txt;0_2_2_81.txt;0_2_2_82.txt;0_2_2_83.txt;0_2_2_84.txt;0_2_3_85.txt;0_2_3_86.txt;0_2_3_87.txt;0_2_3_88.txt;0_2_4_89.txt;0_2_1_90.txt;0_2_1_91.txt;0_2_1_92.txt;0_2_1_93.txt;0_2_2_94.txt;0_2_2_95.txt;0_2_2_96.txt;0_2_2_97.txt;0_2_2_98.txt;0_2_2_99.txt;0_2_3_100.txt;0_2_3_101.txt;0_2_3_102.txt;0_2_3_103.txt;0_2_4_104.txt;0_2_1_105.txt;0_2_1_106.txt;0_2_1_107.txt;0_2_1_108.txt;0_2_2_109.txt;0_2_2_110.txt;0_2_2_111.txt;0_2_2_112.txt;0_2_2_113.txt;0_2_2_114.txt;0_2_3_115.txt;0_2_3_116.txt;0_2_3_117.txt;0_2_3_118.txt;0_2_4_119.txt;0_2_1_120.txt;0_2_1_121.txt;0_2_1_122.txt;0_2_1_123.txt;0_2_2_124.txt;0_2_2_125.txt;0_2_2_126.txt;0_2_2_127.txt;0_2_2_128.txt;0_2_2_129.txt;0_2_3_130.txt;0_2_3_131.txt;0_2_3_132.txt;0_2_3_133.txt;0_2_4_134.txt;0_2_1_135.txt;0_2_1_136.txt;0_2_1_137.txt;0_2_1_138.txt;0_2_2_139.txt;0_2_2_140.txt;0_2_2_141.txt;0_2_2_142.txt;0_2_2_143.txt;0_2_2_144.txt;0_2_3_145.txt;0_2_3_146.txt;0_2_3_147.txt;0_2_3_148.txt;0_2_4_149.txt;0_3_1_150.txt;0_3_1_151.txt;0_3_1_152.txt;0_3_1_153.txt;0_3_2_154.txt;0_3_2_155.txt;0_3_2_156.txt;0_3_2_157.txt;0_3_2_158.txt;0_3_2_159.txt;0_3_3_160.txt;0_3_3_161.txt;0_3_3_162.txt;0_3_3_163.txt;0_3_4_164.txt;0_3_1_165.txt;0_3_1_166.txt;0_3_1_167.txt;0_3_1_168.txt;0_3_2_169.txt;0_3_2_170.txt;0_3_2_171.txt;0_3_2_172.txt;0_3_2_173.txt;0_3_2_174.txt;0_3_3_175.txt;0_3_3_176.txt;0_3_3_177.txt;0_3_3_178.txt;0_3_4_179.txt;0_3_1_180.txt;0_3_1_181.txt;0_3_1_182.txt;0_3_1_183.txt;0_3_2_184.txt;0_3_2_185.txt;0_3_2_186.txt;0_3_2_187.txt;0_3_2_188.txt;0_3_2_189.txt;0_3_3_190.txt;0_3_3_191.txt;0_3_3_192.txt;0_3_3_193.txt;0_3_4_194.txt;0_3_1_195.txt;0_3_1_196.txt;0_3_1_197.txt;0_3_1_198.txt;0_3_2_199.txt;0_3_2_200.txt;0_3_2_201.txt;0_3_2_202.txt;0_3_2_203.txt;0_3_2_204.txt;0_3_3_205.txt;0_3_3_206.txt;0_3_3_207.txt;0_3_3_208.txt;0_3_4_209.txt;0_4_1_210.txt;0_4_1_211.txt;0_4_1_212.txt;0_4_1_213.txt;0_4_2_214.txt;0_4_2_215.txt;0_4_2_216.txt;0_4_2_217.txt;0_4_2_218.txt;0_4_2_219.txt;0_4_3_220.txt;0_4_3_221.txt;0_4_3_222.txt;0_4_3_223.txt;0_4_4_224.txt"
                    propertyName="Trees.Trees_2.treePositionFileName" type="enumerate"/>
            </DartSequencerDescriptorGroup>
        </DartSequencerDescriptorEntries>
        <DartSequencerPreferences atmosphereMaketLaunched="false"
            dartLaunched="true" deleteAll="false"
            deleteAtmosphere="true" deleteAtmosphereMaket="true"
            deleteDartLut="true" deleteDartSequenceur="true"
            deleteDartTxt="true" deleteDirection="false"
            deleteInputs="true" deleteLibPhase="true" deleteMaket="true"
            deleteMaketTreeResults="true" deleteTreePosition="false"
            deleteTriangles="true" demGeneratorLaunched="false"
            directionLaunched="true" displayEnabled="true" genMode="XML"
            hapkeLaunched="false" individualDisplayEnabled="false"
            maketLaunched="true" numberParallelThreads="32"
            phaseLaunched="true" prospectLaunched="false"
            triangleFileProcessorLaunched="false" useBroadBand="true"
            useSceneSpectra="true" vegetationLaunched="false" zippedResults="false"/>
        <DartLutPreferences addedDirection="false" atmosToa="false"
            atmosToaOrdre="false" coupl="false" fluorescence="false"
            generateLUT="true" iterx="true" luminance="true"
            maketCoverage="false" ordre="true" otherIter="false"
            phiMax="" phiMin="" productsPerType="false"
            reflectance="true" sensor="false" storeIndirect="false"
            thetaMax="" thetaMin="" toa="true"/>
    </DartSequencerDescriptor>
</DartFile>
