<?xml version="1.0" encoding="UTF-8"?>
<DartFile build="v1098" version="5.7.4">
    <Maket dartZone="0" exactlyPeriodicScene="1" useRandomGenerationSeed="0">
        <Scene>
            <CellDimensions x="1" z="1"/>
            <SceneDimensions x="30" y="50"/>
        </Scene>
        <Soil>
            <OpticalPropertyLink ident="scene_white" indexFctPhase="0" type="0"/>
            <ThermalPropertyLink idTemperature="ThermalFunction290_310" indexTemperature="0"/>
            <Topography presenceOfTopography="0"/>
            <DEM_properties createTopography="0"/>
        </Soil>
        <LatLon altitude="0.0" latitude="0.0" longitude="0.0"/>
        <RandomGenerationParameters generationSeed="733426921"/>
    </Maket>
</DartFile>
