<?xml version="1.0" encoding="UTF-8"?>
<DartFile build="v1098" version="5.7.4">
    <Trees hidden="0" isTrees="1" sceneModelCharacteristic="2">
        <Trees_2 laiZone="0" treePositionFileName="0_2.txt">
            <Specie_2 branchesAndTwigsSimulation="0" lai="-0.63">
                <OpticalPropertyLink ident="trunk" indexFctPhase="1" type="0"/>
                <ThermalPropertyLink
                    idTemperature="ThermalFunction290_310" indexTemperature="0"/>
                <Trunk meanTrunkDiameterBelowCrown="0.226"
                    meanTrunkHeightBelowCrown="7.35"
                    stDevMeanTrunkDiameterBelowCrown="0.0"
                    stDevMeanTrunkHeightBelowCrown="0.0" trunkHeightWithinCrown="5.0"/>
                <Crown crownHeight="10.15" crownHeightStDev="0.0"
                    crownShape="0" instrinsicRotation="0.0" instrinsicRotationStDev="0.0">
                    <CrownEllipsoid firstAxis="5.0" firstAxisStDev="0.0"
                        secondAxis="5.0" secondAxisStDev="0.0"/>
                </Crown>
                <CrownLevel distribution="0" laiConservation="1"
                    relativeHeightVsCrownHeight="1.0"
                    relativeTrunkDiameterWithinCrown="1.0" verticalWeightForUf="1.0">
                    <OpticalPropertyLink ident="trunk" indexFctPhase="1" type="0"/>
                    <ThermalPropertyLink
                        idTemperature="ThermalFunction290_310" indexTemperature="0"/>
                    <VegetationProperty>
                        <VegetationOpticalPropertyLink ident="leaf1" indexFctPhase="0"/>
                        <ThermalPropertyLink
                            idTemperature="ThermalFunction290_310" indexTemperature="0"/>
                    </VegetationProperty>
                </CrownLevel>
            </Specie_2>
            <Specie_2 branchesAndTwigsSimulation="0" lai="-0.63">
                <OpticalPropertyLink ident="trunk" indexFctPhase="1" type="0"/>
                <ThermalPropertyLink
                    idTemperature="ThermalFunction290_310" indexTemperature="0"/>
                <Trunk meanTrunkDiameterBelowCrown="0.226"
                    meanTrunkHeightBelowCrown="7.35"
                    stDevMeanTrunkDiameterBelowCrown="0.0"
                    stDevMeanTrunkHeightBelowCrown="0.0" trunkHeightWithinCrown="5.0"/>
                <Crown crownHeight="10.15" crownHeightStDev="0.0"
                    crownShape="0" instrinsicRotation="0.0" instrinsicRotationStDev="0.0">
                    <CrownEllipsoid firstAxis="5.0" firstAxisStDev="0.0"
                        secondAxis="5.0" secondAxisStDev="0.0"/>
                </Crown>
                <CrownLevel distribution="0" laiConservation="1"
                    relativeHeightVsCrownHeight="1.0"
                    relativeTrunkDiameterWithinCrown="1.0" verticalWeightForUf="1.0">
                    <OpticalPropertyLink ident="trunk" indexFctPhase="1" type="0"/>
                    <ThermalPropertyLink
                        idTemperature="ThermalFunction290_310" indexTemperature="0"/>
                    <VegetationProperty>
                        <VegetationOpticalPropertyLink ident="leaf2" indexFctPhase="1"/>
                        <ThermalPropertyLink
                            idTemperature="ThermalFunction290_310" indexTemperature="0"/>
                    </VegetationProperty>
                </CrownLevel>
            </Specie_2>
            <Specie_2 branchesAndTwigsSimulation="0" lai="-0.63">
                <OpticalPropertyLink ident="trunk" indexFctPhase="1" type="0"/>
                <ThermalPropertyLink
                    idTemperature="ThermalFunction290_310" indexTemperature="0"/>
                <Trunk meanTrunkDiameterBelowCrown="0.226"
                    meanTrunkHeightBelowCrown="7.35"
                    stDevMeanTrunkDiameterBelowCrown="0.0"
                    stDevMeanTrunkHeightBelowCrown="0.0" trunkHeightWithinCrown="5.0"/>
                <Crown crownHeight="10.15" crownHeightStDev="0.0"
                    crownShape="0" instrinsicRotation="0.0" instrinsicRotationStDev="0.0">
                    <CrownEllipsoid firstAxis="5.0" firstAxisStDev="0.0"
                        secondAxis="5.0" secondAxisStDev="0.0"/>
                </Crown>
                <CrownLevel distribution="0" laiConservation="1"
                    relativeHeightVsCrownHeight="1.0"
                    relativeTrunkDiameterWithinCrown="1.0" verticalWeightForUf="1.0">
                    <OpticalPropertyLink ident="trunk" indexFctPhase="1" type="0"/>
                    <ThermalPropertyLink
                        idTemperature="ThermalFunction290_310" indexTemperature="0"/>
                    <VegetationProperty>
                        <VegetationOpticalPropertyLink ident="leaf3" indexFctPhase="2"/>
                        <ThermalPropertyLink
                            idTemperature="ThermalFunction290_310" indexTemperature="0"/>
                    </VegetationProperty>
                </CrownLevel>
            </Specie_2>
            <Specie_2 branchesAndTwigsSimulation="0" lai="-0.63">
                <OpticalPropertyLink ident="trunk" indexFctPhase="1" type="0"/>
                <ThermalPropertyLink
                    idTemperature="ThermalFunction290_310" indexTemperature="0"/>
                <Trunk meanTrunkDiameterBelowCrown="0.226"
                    meanTrunkHeightBelowCrown="7.35"
                    stDevMeanTrunkDiameterBelowCrown="0.0"
                    stDevMeanTrunkHeightBelowCrown="0.0" trunkHeightWithinCrown="5.0"/>
                <Crown crownHeight="10.15" crownHeightStDev="0.0"
                    crownShape="0" instrinsicRotation="0.0" instrinsicRotationStDev="0.0">
                    <CrownEllipsoid firstAxis="5.0" firstAxisStDev="0.0"
                        secondAxis="5.0" secondAxisStDev="0.0"/>
                </Crown>
                <CrownLevel distribution="0" laiConservation="1"
                    relativeHeightVsCrownHeight="1.0"
                    relativeTrunkDiameterWithinCrown="1.0" verticalWeightForUf="1.0">
                    <OpticalPropertyLink ident="trunk" indexFctPhase="1" type="0"/>
                    <ThermalPropertyLink
                        idTemperature="ThermalFunction290_310" indexTemperature="0"/>
                    <VegetationProperty>
                        <VegetationOpticalPropertyLink ident="leaf4" indexFctPhase="3"/>
                        <ThermalPropertyLink
                            idTemperature="ThermalFunction290_310" indexTemperature="0"/>
                    </VegetationProperty>
                </CrownLevel>
            </Specie_2>
            <Specie_2 branchesAndTwigsSimulation="0" lai="-0.63">
                <OpticalPropertyLink ident="trunk" indexFctPhase="1" type="0"/>
                <ThermalPropertyLink
                    idTemperature="ThermalFunction290_310" indexTemperature="0"/>
                <Trunk meanTrunkDiameterBelowCrown="0.226"
                    meanTrunkHeightBelowCrown="7.35"
                    stDevMeanTrunkDiameterBelowCrown="0.0"
                    stDevMeanTrunkHeightBelowCrown="0.0" trunkHeightWithinCrown="5.0"/>
                <Crown crownHeight="10.15" crownHeightStDev="0.0"
                    crownShape="0" instrinsicRotation="0.0" instrinsicRotationStDev="0.0">
                    <CrownEllipsoid firstAxis="5.0" firstAxisStDev="0.0"
                        secondAxis="5.0" secondAxisStDev="0.0"/>
                </Crown>
                <CrownLevel distribution="0" laiConservation="1"
                    relativeHeightVsCrownHeight="1.0"
                    relativeTrunkDiameterWithinCrown="1.0" verticalWeightForUf="1.0">
                    <OpticalPropertyLink ident="trunk" indexFctPhase="1" type="0"/>
                    <ThermalPropertyLink
                        idTemperature="ThermalFunction290_310" indexTemperature="0"/>
                    <VegetationProperty>
                        <VegetationOpticalPropertyLink ident="leaf5" indexFctPhase="4"/>
                        <ThermalPropertyLink
                            idTemperature="ThermalFunction290_310" indexTemperature="0"/>
                    </VegetationProperty>
                </CrownLevel>
            </Specie_2>
            <Specie_2 branchesAndTwigsSimulation="0" lai="-0.63">
                <OpticalPropertyLink ident="trunk" indexFctPhase="1" type="0"/>
                <ThermalPropertyLink
                    idTemperature="ThermalFunction290_310" indexTemperature="0"/>
                <Trunk meanTrunkDiameterBelowCrown="0.226"
                    meanTrunkHeightBelowCrown="7.35"
                    stDevMeanTrunkDiameterBelowCrown="0.0"
                    stDevMeanTrunkHeightBelowCrown="0.0" trunkHeightWithinCrown="5.0"/>
                <Crown crownHeight="10.15" crownHeightStDev="0.0"
                    crownShape="0" instrinsicRotation="0.0" instrinsicRotationStDev="0.0">
                    <CrownEllipsoid firstAxis="5.0" firstAxisStDev="0.0"
                        secondAxis="5.0" secondAxisStDev="0.0"/>
                </Crown>
                <CrownLevel distribution="0" laiConservation="1"
                    relativeHeightVsCrownHeight="1.0"
                    relativeTrunkDiameterWithinCrown="1.0" verticalWeightForUf="1.0">
                    <OpticalPropertyLink ident="trunk" indexFctPhase="1" type="0"/>
                    <ThermalPropertyLink
                        idTemperature="ThermalFunction290_310" indexTemperature="0"/>
                    <VegetationProperty>
                        <VegetationOpticalPropertyLink ident="leaf6" indexFctPhase="5"/>
                        <ThermalPropertyLink
                            idTemperature="ThermalFunction290_310" indexTemperature="0"/>
                    </VegetationProperty>
                </CrownLevel>
            </Specie_2>
        </Trees_2>
        <TreeGeneralOptions triangleTreeRepresentation="1">
            <MeshTreeRepresentation distributionMode="0" leafDefinition="1">
                <MeshLeafDimensionParameters meshLeafDimension="0.05"/>
            </MeshTreeRepresentation>
        </TreeGeneralOptions>
    </Trees>
</DartFile>
