<?xml version="1.0" encoding="UTF-8"?>
<DartParameterExceptions>
    <DartParameterException>
        <Origin>
            <Name>Trees.Trees_1.sceneParametersFileName</Name>
            <Label>Tree information text file                          </Label>
            <Description>Text files that gives all necessary tree information</Description>
        </Origin>
        <Message>
            <OriginMessage/>
            <OriginException>java.lang.NumberFormatException: For input string: ""</OriginException>
        </Message>
    </DartParameterException>
</DartParameterExceptions>
