<?xml version="1.0" encoding="UTF-8"?>
<DartFile build="v1147" version="5.7.6">
    <Phase calculatorMethod="0">
        <AtmosphereRadiativeTransfer TOAtoBOA="0"/>
        <ExpertModeZone accelerationEngine="0" albedoThreshold="0.001"
            distanceBetweenIlluminationSubCenters="0.03" expertMode="1"
            illuminationRepartitionMode="2"
            isInterceptedPowerPerDirectionForSpecularCheck="0"
            lightPropagationThreshold="1.0E-7" maxNbSceneCrossing="1000"
            nbRandomPointsPerInteceptionAtmosphere="1"
            nbSubSubcenterTurbidEmission="40" nbSubcenterVolume="2"
            nbThreads="1" nbTrianglesWithinVoxelAcceleration="10"
            sparseVoxelAcceleration="1" subFaceBarycenterEnabled="1"
            subFaceBarycenterSubdivision="1"
            surfaceBarycenterEnabled="1"
            thermalEmissionSurfaceSubdivision="0.01"
            triangleStorageMode="0" useExternalScripts="0"/>
        <DartInputParameters>
            <nodefluxtracking gaussSiedelAcceleratingTechnique="0" numberOfIteration="5"/>
            <SpectralDomainTir temperatureMode="0">
                <skylTemperature SKYLForTemperatureAssignation="0.0"
                    distanceBetweenIlluminationSubCenters="0.1" histogramThreshold="5.0"/>
            </SpectralDomainTir>
            <SpectralIntervals>
                <SpectralIntervalsProperties bandNumber="0"
                    deltaLambda="0.0" meanLambda="0.4244186046511628" spectralDartMode="0"/>
                <SpectralIntervalsProperties bandNumber="1"
                    deltaLambda="0.0" meanLambda="0.47325581395348837" spectralDartMode="0"/>
                <SpectralIntervalsProperties bandNumber="2"
                    deltaLambda="0.0" meanLambda="0.522093023255814" spectralDartMode="0"/>
                <SpectralIntervalsProperties bandNumber="3"
                    deltaLambda="0.0" meanLambda="0.5709302325581396" spectralDartMode="0"/>
                <SpectralIntervalsProperties bandNumber="4"
                    deltaLambda="0.0" meanLambda="0.6197674418604652" spectralDartMode="0"/>
                <SpectralIntervalsProperties bandNumber="5"
                    deltaLambda="0.0" meanLambda="0.6686046511627908" spectralDartMode="0"/>
                <SpectralIntervalsProperties bandNumber="6"
                    deltaLambda="0.0" meanLambda="0.7174418604651163" spectralDartMode="0"/>
                <SpectralIntervalsProperties bandNumber="7"
                    deltaLambda="0.0" meanLambda="0.7662790697674419" spectralDartMode="0"/>
                <SpectralIntervalsProperties bandNumber="8"
                    deltaLambda="0.0" meanLambda="0.8151162790697675" spectralDartMode="0"/>
                <SpectralIntervalsProperties bandNumber="9"
                    deltaLambda="0.0" meanLambda="0.863953488372093" spectralDartMode="0"/>
                <SpectralIntervalsProperties bandNumber="10"
                    deltaLambda="0.0" meanLambda="0.9127906976744187" spectralDartMode="0"/>
                <SpectralIntervalsProperties bandNumber="11"
                    deltaLambda="0.0" meanLambda="0.9616279069767442" spectralDartMode="0"/>
                <SpectralIntervalsProperties bandNumber="12"
                    deltaLambda="0.0" meanLambda="1.0104651162790699" spectralDartMode="0"/>
                <SpectralIntervalsProperties bandNumber="13"
                    deltaLambda="0.0" meanLambda="1.0593023255813954" spectralDartMode="0"/>
                <SpectralIntervalsProperties bandNumber="14"
                    deltaLambda="0.0" meanLambda="1.1081395348837209" spectralDartMode="0"/>
                <SpectralIntervalsProperties bandNumber="15"
                    deltaLambda="0.0" meanLambda="1.1569767441860466" spectralDartMode="0"/>
                <SpectralIntervalsProperties bandNumber="16"
                    deltaLambda="0.0" meanLambda="1.205813953488372" spectralDartMode="0"/>
                <SpectralIntervalsProperties bandNumber="17"
                    deltaLambda="0.0" meanLambda="1.2546511627906978" spectralDartMode="0"/>
                <SpectralIntervalsProperties bandNumber="18"
                    deltaLambda="0.0" meanLambda="1.3034883720930233" spectralDartMode="0"/>
                <SpectralIntervalsProperties bandNumber="19"
                    deltaLambda="0.0" meanLambda="1.3523255813953488" spectralDartMode="0"/>
                <SpectralIntervalsProperties bandNumber="20"
                    deltaLambda="0.0" meanLambda="1.4011627906976742" spectralDartMode="0"/>
                <SpectralIntervalsProperties bandNumber="21"
                    deltaLambda="0.0" meanLambda="1.4500000000000002" spectralDartMode="0"/>
                <SpectralIntervalsProperties bandNumber="22"
                    deltaLambda="0.0" meanLambda="1.4988372093023257" spectralDartMode="0"/>
                <SpectralIntervalsProperties bandNumber="23"
                    deltaLambda="0.0" meanLambda="1.5476744186046512" spectralDartMode="0"/>
                <SpectralIntervalsProperties bandNumber="24"
                    deltaLambda="0.0" meanLambda="1.5965116279069766" spectralDartMode="0"/>
                <SpectralIntervalsProperties bandNumber="25"
                    deltaLambda="0.0" meanLambda="1.6453488372093021" spectralDartMode="0"/>
                <SpectralIntervalsProperties bandNumber="26"
                    deltaLambda="0.0" meanLambda="1.694186046511628" spectralDartMode="0"/>
                <SpectralIntervalsProperties bandNumber="27"
                    deltaLambda="0.0" meanLambda="1.7430232558139536" spectralDartMode="0"/>
                <SpectralIntervalsProperties bandNumber="28"
                    deltaLambda="0.0" meanLambda="1.791860465116279" spectralDartMode="0"/>
                <SpectralIntervalsProperties bandNumber="29"
                    deltaLambda="0.0" meanLambda="1.8406976744186045" spectralDartMode="0"/>
                <SpectralIntervalsProperties bandNumber="30"
                    deltaLambda="0.0" meanLambda="1.88953488372093" spectralDartMode="0"/>
                <SpectralIntervalsProperties bandNumber="31"
                    deltaLambda="0.0" meanLambda="1.938372093023256" spectralDartMode="0"/>
                <SpectralIntervalsProperties bandNumber="32"
                    deltaLambda="0.0" meanLambda="1.9872093023255815" spectralDartMode="0"/>
                <SpectralIntervalsProperties bandNumber="33"
                    deltaLambda="0.0" meanLambda="2.036046511627907" spectralDartMode="0"/>
                <SpectralIntervalsProperties bandNumber="34"
                    deltaLambda="0.0" meanLambda="2.0848837209302324" spectralDartMode="0"/>
                <SpectralIntervalsProperties bandNumber="35"
                    deltaLambda="0.0" meanLambda="2.133720930232558" spectralDartMode="0"/>
                <SpectralIntervalsProperties bandNumber="36"
                    deltaLambda="0.0" meanLambda="2.182558139534884" spectralDartMode="0"/>
                <SpectralIntervalsProperties bandNumber="37"
                    deltaLambda="0.0" meanLambda="2.2313953488372094" spectralDartMode="0"/>
                <SpectralIntervalsProperties bandNumber="38"
                    deltaLambda="0.0" meanLambda="2.280232558139535" spectralDartMode="0"/>
                <SpectralIntervalsProperties bandNumber="39"
                    deltaLambda="0.0" meanLambda="2.3290697674418603" spectralDartMode="0"/>
                <SpectralIntervalsProperties bandNumber="40"
                    deltaLambda="0.0" meanLambda="2.377906976744186" spectralDartMode="0"/>
                <SpectralIntervalsProperties bandNumber="41"
                    deltaLambda="0.0" meanLambda="2.4267441860465113" spectralDartMode="0"/>
                <SpectralIntervalsProperties bandNumber="42"
                    deltaLambda="0.0" meanLambda="2.4755813953488373" spectralDartMode="0"/>
            </SpectralIntervals>
            <temperatureAtmosphere atmosphericApparentTemperature="260.0"/>
            <ImageSideIllumination disableSolarIllumination="0"
                disableThermalEmission="0" sideIlluminationEnabled="0"/>
            <nodeIlluminationMode irradianceMode="0">
                <irradianceDatabaseNode databaseName="Solar_constant.db"
                    irradianceColumn="irradiance"
                    irradianceTable="TOASolar_THKUR"
                    weightAtmosphereParameters="1" weightReflectanceParameters="1">
                    <WeightingParameters sceneAverageTemperatureForPonderation="300.0"/>
                </irradianceDatabaseNode>
                <SpectralIrradiance>
                    <CommonParameters commonIrradianceCheckBox="1"
                        commonSkylCheckBox="1" irraDef="0"/>
                    <SpectralIrradianceValue Skyl="0.0" bandNumber="0" irradiance="0"/>
                    <SpectralIrradianceValue Skyl="0.0" bandNumber="1" irradiance="0"/>
                    <SpectralIrradianceValue Skyl="0.0" bandNumber="2" irradiance="0"/>
                    <SpectralIrradianceValue Skyl="0.0" bandNumber="3" irradiance="0"/>
                    <SpectralIrradianceValue Skyl="0.0" bandNumber="4" irradiance="0"/>
                    <SpectralIrradianceValue Skyl="0.0" bandNumber="5" irradiance="0"/>
                    <SpectralIrradianceValue Skyl="0.0" bandNumber="6" irradiance="0"/>
                    <SpectralIrradianceValue Skyl="0.0" bandNumber="7" irradiance="0"/>
                    <SpectralIrradianceValue Skyl="0.0" bandNumber="8" irradiance="0"/>
                    <SpectralIrradianceValue Skyl="0.0" bandNumber="9" irradiance="0"/>
                    <SpectralIrradianceValue Skyl="0.0" bandNumber="10" irradiance="0"/>
                    <SpectralIrradianceValue Skyl="0.0" bandNumber="11" irradiance="0"/>
                    <SpectralIrradianceValue Skyl="0.0" bandNumber="12" irradiance="0"/>
                    <SpectralIrradianceValue Skyl="0.0" bandNumber="13" irradiance="0"/>
                    <SpectralIrradianceValue Skyl="0.0" bandNumber="14" irradiance="0"/>
                    <SpectralIrradianceValue Skyl="0.0" bandNumber="15" irradiance="0"/>
                    <SpectralIrradianceValue Skyl="0.0" bandNumber="16" irradiance="0"/>
                    <SpectralIrradianceValue Skyl="0.0" bandNumber="17" irradiance="0"/>
                    <SpectralIrradianceValue Skyl="0.0" bandNumber="18" irradiance="0"/>
                    <SpectralIrradianceValue Skyl="0.0" bandNumber="19" irradiance="0"/>
                    <SpectralIrradianceValue Skyl="0.0" bandNumber="20" irradiance="0"/>
                    <SpectralIrradianceValue Skyl="0.0" bandNumber="21" irradiance="0"/>
                    <SpectralIrradianceValue Skyl="0.0" bandNumber="22" irradiance="0"/>
                    <SpectralIrradianceValue Skyl="0.0" bandNumber="23" irradiance="0"/>
                    <SpectralIrradianceValue Skyl="0.0" bandNumber="24" irradiance="0"/>
                    <SpectralIrradianceValue Skyl="0.0" bandNumber="25" irradiance="0"/>
                    <SpectralIrradianceValue Skyl="0.0" bandNumber="26" irradiance="0"/>
                    <SpectralIrradianceValue Skyl="0.0" bandNumber="27" irradiance="0"/>
                    <SpectralIrradianceValue Skyl="0.0" bandNumber="28" irradiance="0"/>
                    <SpectralIrradianceValue Skyl="0.0" bandNumber="29" irradiance="0"/>
                    <SpectralIrradianceValue Skyl="0.0" bandNumber="30" irradiance="0"/>
                    <SpectralIrradianceValue Skyl="0.0" bandNumber="31" irradiance="0"/>
                    <SpectralIrradianceValue Skyl="0.0" bandNumber="32" irradiance="0"/>
                    <SpectralIrradianceValue Skyl="0.0" bandNumber="33" irradiance="0"/>
                    <SpectralIrradianceValue Skyl="0.0" bandNumber="34" irradiance="0"/>
                    <SpectralIrradianceValue Skyl="0.0" bandNumber="35" irradiance="0"/>
                    <SpectralIrradianceValue Skyl="0.0" bandNumber="36" irradiance="0"/>
                    <SpectralIrradianceValue Skyl="0.0" bandNumber="37" irradiance="0"/>
                    <SpectralIrradianceValue Skyl="0.0" bandNumber="38" irradiance="0"/>
                    <SpectralIrradianceValue Skyl="0.0" bandNumber="39" irradiance="0"/>
                    <SpectralIrradianceValue Skyl="0.0" bandNumber="40" irradiance="0"/>
                    <SpectralIrradianceValue Skyl="0.0" bandNumber="41" irradiance="0"/>
                    <SpectralIrradianceValue Skyl="0.0" bandNumber="42" irradiance="0"/>
                </SpectralIrradiance>
            </nodeIlluminationMode>
        </DartInputParameters>
        <DartProduct>
            <dartModuleProducts>
                <CommonProducts polarizationProducts="0" radiativeBudgetProducts="1">
                    <radiativeBudgetProperties binaryFormat="0"
                        budget2DParType="0" budget3DParSurface="0"
                        budget3DParType="0" budgetTotalParType="0"
                        budgetUnitModeR="0" extrapolation="1"
                        fIRfARfSRfINTR1DProducts="0"
                        fIRfARfSRfINTR2DProducts="0" fIRfARfSRfINTR3DProducts="1">
                        <Components>
                            <CellComponents absorbed="1" backEntry="0"
                                backExit="0" bottomEntry="0"
                                bottomExit="0" emitted="0"
                                frontEntry="0" frontExit="0"
                                intercepted="1" leftEntry="0"
                                leftExit="0" rightEntry="0"
                                rightExit="0" scattered="1" topEntry="0"
                                topExit="0" totalEntry="0" totalExit="0"/>
                            <ElementComponents absorbed="1" emitted="0"
                                intercepted="1" scattered="1"/>
                        </Components>
                    </radiativeBudgetProperties>
                </CommonProducts>
                <FluxTrackingModeProducts allIterationsProducts="0"
                    brfProducts="1" order1Products="0" temperaturePerTrianglePerCell="0">
                    <BrfProductsProperties brfProduct="0"
                        centralizedBrfProduct="0" extrapolation="1"
                        horizontalOversampling="1" image="1"
                        luminanceProducts="0" maximalThetaImages="1.0"
                        nb_scene="1" pixelToSceneCorrespondences="0"
                        projection="0" sensorOversampling="1"
                        sensorPlaneprojection="0" transmittanceImages="0">
                        <ExpertModeZone_Etalement etalement="1"/>
                    </BrfProductsProperties>
                </FluxTrackingModeProducts>
            </dartModuleProducts>
            <maketModuleProducts MNEProducts="0" areaMaketProducts="0"
                coverRateProducts="0" laiProducts="0" objectGeneration="0"/>
        </DartProduct>
        <SensorImageSimulation importMultipleSensors="0"/>
    </Phase>
</DartFile>
