<?xml version="1.0" encoding="UTF-8"?>
<DartFile build="v1147" version="5.7.6">
    <Trees hidden="0" isTrees="1" sceneModelCharacteristic="2">
        <Trees_2 laiZone="0" treePositionFileName="0_61.txt">
            <Specie_2 branchesAndTwigsSimulation="0" lai="-0.7">
                <OpticalPropertyLink ident="trunk" indexFctPhase="1" type="0"/>
                <ThermalPropertyLink
                    idTemperature="ThermalFunction290_310" indexTemperature="0"/>
                <Trunk meanTrunkDiameterBelowCrown="0.21"
                    meanTrunkHeightBelowCrown="3.82"
                    stDevMeanTrunkDiameterBelowCrown="0.0"
                    stDevMeanTrunkHeightBelowCrown="0.0" trunkHeightWithinCrown="7"/>
                <Crown crownHeight="10.88" crownHeightStDev="0.0"
                    crownShape="2" instrinsicRotation="0.0" instrinsicRotationStDev="0.0">
                    <CrownTruncatedCone baseRadius="2.5"
                        baseRadiusStDev="0.0" topRadius="0" topRadiusStDev="0.0"/>
                </Crown>
                <CrownLevel distribution="0" laiConservation="1"
                    relativeHeightVsCrownHeight="1.0"
                    relativeTrunkDiameterWithinCrown="1.0" verticalWeightForUf="1.0">
                    <OpticalPropertyLink ident="trunk" indexFctPhase="1" type="0"/>
                    <ThermalPropertyLink
                        idTemperature="ThermalFunction290_310" indexTemperature="0"/>
                    <VegetationProperty>
                        <VegetationOpticalPropertyLink ident="leaf1" indexFctPhase="0"/>
                        <ThermalPropertyLink
                            idTemperature="ThermalFunction290_310" indexTemperature="0"/>
                    </VegetationProperty>
                </CrownLevel>
            </Specie_2>
            <Specie_2 branchesAndTwigsSimulation="0" lai="-1.05">
                <OpticalPropertyLink ident="trunk" indexFctPhase="1" type="0"/>
                <ThermalPropertyLink
                    idTemperature="ThermalFunction290_310" indexTemperature="0"/>
                <Trunk meanTrunkDiameterBelowCrown="0.21"
                    meanTrunkHeightBelowCrown="3.82"
                    stDevMeanTrunkDiameterBelowCrown="0.0"
                    stDevMeanTrunkHeightBelowCrown="0.0" trunkHeightWithinCrown="7"/>
                <Crown crownHeight="10.88" crownHeightStDev="0.0"
                    crownShape="2" instrinsicRotation="0.0" instrinsicRotationStDev="0.0">
                    <CrownTruncatedCone baseRadius="2.5"
                        baseRadiusStDev="0.0" topRadius="0" topRadiusStDev="0.0"/>
                </Crown>
                <CrownLevel distribution="0" laiConservation="1"
                    relativeHeightVsCrownHeight="1.0"
                    relativeTrunkDiameterWithinCrown="1.0" verticalWeightForUf="1.0">
                    <OpticalPropertyLink ident="trunk" indexFctPhase="1" type="0"/>
                    <ThermalPropertyLink
                        idTemperature="ThermalFunction290_310" indexTemperature="0"/>
                    <VegetationProperty>
                        <VegetationOpticalPropertyLink ident="leaf1" indexFctPhase="0"/>
                        <ThermalPropertyLink
                            idTemperature="ThermalFunction290_310" indexTemperature="0"/>
                    </VegetationProperty>
                </CrownLevel>
            </Specie_2>
            <Specie_2 branchesAndTwigsSimulation="0" lai="-1.4">
                <OpticalPropertyLink ident="trunk" indexFctPhase="1" type="0"/>
                <ThermalPropertyLink
                    idTemperature="ThermalFunction290_310" indexTemperature="0"/>
                <Trunk meanTrunkDiameterBelowCrown="0.21"
                    meanTrunkHeightBelowCrown="3.82"
                    stDevMeanTrunkDiameterBelowCrown="0.0"
                    stDevMeanTrunkHeightBelowCrown="0.0" trunkHeightWithinCrown="7"/>
                <Crown crownHeight="10.88" crownHeightStDev="0.0"
                    crownShape="2" instrinsicRotation="0.0" instrinsicRotationStDev="0.0">
                    <CrownTruncatedCone baseRadius="2.5"
                        baseRadiusStDev="0.0" topRadius="0" topRadiusStDev="0.0"/>
                </Crown>
                <CrownLevel distribution="0" laiConservation="1"
                    relativeHeightVsCrownHeight="1.0"
                    relativeTrunkDiameterWithinCrown="1.0" verticalWeightForUf="1.0">
                    <OpticalPropertyLink ident="trunk" indexFctPhase="1" type="0"/>
                    <ThermalPropertyLink
                        idTemperature="ThermalFunction290_310" indexTemperature="0"/>
                    <VegetationProperty>
                        <VegetationOpticalPropertyLink ident="leaf1" indexFctPhase="0"/>
                        <ThermalPropertyLink
                            idTemperature="ThermalFunction290_310" indexTemperature="0"/>
                    </VegetationProperty>
                </CrownLevel>
            </Specie_2>
            <Specie_2 branchesAndTwigsSimulation="0" lai="-1.75">
                <OpticalPropertyLink ident="trunk" indexFctPhase="1" type="0"/>
                <ThermalPropertyLink
                    idTemperature="ThermalFunction290_310" indexTemperature="0"/>
                <Trunk meanTrunkDiameterBelowCrown="0.21"
                    meanTrunkHeightBelowCrown="3.82"
                    stDevMeanTrunkDiameterBelowCrown="0.0"
                    stDevMeanTrunkHeightBelowCrown="0.0" trunkHeightWithinCrown="7"/>
                <Crown crownHeight="10.88" crownHeightStDev="0.0"
                    crownShape="2" instrinsicRotation="0.0" instrinsicRotationStDev="0.0">
                    <CrownTruncatedCone baseRadius="2.5"
                        baseRadiusStDev="0.0" topRadius="0" topRadiusStDev="0.0"/>
                </Crown>
                <CrownLevel distribution="0" laiConservation="1"
                    relativeHeightVsCrownHeight="1.0"
                    relativeTrunkDiameterWithinCrown="1.0" verticalWeightForUf="1.0">
                    <OpticalPropertyLink ident="trunk" indexFctPhase="1" type="0"/>
                    <ThermalPropertyLink
                        idTemperature="ThermalFunction290_310" indexTemperature="0"/>
                    <VegetationProperty>
                        <VegetationOpticalPropertyLink ident="leaf1" indexFctPhase="0"/>
                        <ThermalPropertyLink
                            idTemperature="ThermalFunction290_310" indexTemperature="0"/>
                    </VegetationProperty>
                </CrownLevel>
            </Specie_2>
            <Specie_2 branchesAndTwigsSimulation="0" lai="-2.1">
                <OpticalPropertyLink ident="trunk" indexFctPhase="1" type="0"/>
                <ThermalPropertyLink
                    idTemperature="ThermalFunction290_310" indexTemperature="0"/>
                <Trunk meanTrunkDiameterBelowCrown="0.21"
                    meanTrunkHeightBelowCrown="3.82"
                    stDevMeanTrunkDiameterBelowCrown="0.0"
                    stDevMeanTrunkHeightBelowCrown="0.0" trunkHeightWithinCrown="7"/>
                <Crown crownHeight="10.88" crownHeightStDev="0.0"
                    crownShape="2" instrinsicRotation="0.0" instrinsicRotationStDev="0.0">
                    <CrownTruncatedCone baseRadius="2.5"
                        baseRadiusStDev="0.0" topRadius="0" topRadiusStDev="0.0"/>
                </Crown>
                <CrownLevel distribution="0" laiConservation="1"
                    relativeHeightVsCrownHeight="1.0"
                    relativeTrunkDiameterWithinCrown="1.0" verticalWeightForUf="1.0">
                    <OpticalPropertyLink ident="trunk" indexFctPhase="1" type="0"/>
                    <ThermalPropertyLink
                        idTemperature="ThermalFunction290_310" indexTemperature="0"/>
                    <VegetationProperty>
                        <VegetationOpticalPropertyLink ident="leaf1" indexFctPhase="0"/>
                        <ThermalPropertyLink
                            idTemperature="ThermalFunction290_310" indexTemperature="0"/>
                    </VegetationProperty>
                </CrownLevel>
            </Specie_2>
            <Specie_2 branchesAndTwigsSimulation="0" lai="-0.35">
                <OpticalPropertyLink ident="trunk" indexFctPhase="1" type="0"/>
                <ThermalPropertyLink
                    idTemperature="ThermalFunction290_310" indexTemperature="0"/>
                <Trunk meanTrunkDiameterBelowCrown="0.21"
                    meanTrunkHeightBelowCrown="3.82"
                    stDevMeanTrunkDiameterBelowCrown="0.0"
                    stDevMeanTrunkHeightBelowCrown="0.0" trunkHeightWithinCrown="7"/>
                <Crown crownHeight="10.88" crownHeightStDev="0.0"
                    crownShape="2" instrinsicRotation="0.0" instrinsicRotationStDev="0.0">
                    <CrownTruncatedCone baseRadius="2.5"
                        baseRadiusStDev="0.0" topRadius="0" topRadiusStDev="0.0"/>
                </Crown>
                <CrownLevel distribution="0" laiConservation="1"
                    relativeHeightVsCrownHeight="1.0"
                    relativeTrunkDiameterWithinCrown="1.0" verticalWeightForUf="1.0">
                    <OpticalPropertyLink ident="trunk" indexFctPhase="1" type="0"/>
                    <ThermalPropertyLink
                        idTemperature="ThermalFunction290_310" indexTemperature="0"/>
                    <VegetationProperty>
                        <VegetationOpticalPropertyLink ident="leaf1" indexFctPhase="0"/>
                        <ThermalPropertyLink
                            idTemperature="ThermalFunction290_310" indexTemperature="0"/>
                    </VegetationProperty>
                </CrownLevel>
            </Specie_2>
        </Trees_2>
        <TreeGeneralOptions triangleTreeRepresentation="1">
            <MeshTreeRepresentation distributionMode="0" leafDefinition="1">
                <MeshLeafDimensionParameters meshLeafDimension="0.05"/>
            </MeshTreeRepresentation>
        </TreeGeneralOptions>
    </Trees>
</DartFile>
