<?xml version="1.0" encoding="UTF-8"?>
<DartFile build="v1046" version="5.7.0">
    <Maket dartZone="0" exactlyPeriodicScene="1">
        <Scene>
            <CellDimensions x="1" z="1"/>
            <SceneDimensions x="25" y="25"/>
        </Scene>
        <Soil>
            <OpticalPropertyLink ident="Lambertian_Phase_Function_1"
                indexFctPhase="0" type="0"/>
            <ThermalPropertyLink idTemperature="ThermalFunction290_310" indexTemperature="0"/>
            <Topography presenceOfTopography="0"/>
            <DEM_properties createTopography="0"/>
        </Soil>
        <LatLon altitude="0.0" latitude="0.0" longitude="0.0"/>
    </Maket>
</DartFile>
