<?xml version="1.0" encoding="UTF-8"?>
<DartFile build="v1098" version="5.7.4">
    <Phase calculatorMethod="0">
        <AtmosphereRadiativeTransfer TOAtoBOA="0"/>
        <ExpertModeZone accelerationEngine="0" albedoThreshold="1.0E-4"
            distanceBetweenIlluminationSubCenters="0.03" expertMode="1"
            illuminationRepartitionMode="2"
            isInterceptedPowerPerDirectionForSpecularCheck="0"
            lightPropagationThreshold="1.0E-7" maxNbSceneCrossing="1000"
            nbRandomPointsPerInteceptionAtmosphere="1"
            nbSubSubcenterTurbidEmission="40" nbSubcenterVolume="2"
            nbThreads="10" nbTrianglesWithinVoxelAcceleration="10"
            sparseVoxelAcceleration="1" subFaceBarycenterEnabled="1"
            subFaceBarycenterSubdivision="1"
            surfaceBarycenterEnabled="1"
            thermalEmissionSurfaceSubdivision="0.01"
            triangleStorageMode="0" useExternalScripts="0"/>
        <DartInputParameters>
            <nodefluxtracking gaussSiedelAcceleratingTechnique="0" numberOfIteration="5"/>
            <SpectralDomainTir temperatureMode="0">
                <skylTemperature SKYLForTemperatureAssignation="0.0"
                    distanceBetweenIlluminationSubCenters="0.1" histogramThreshold="5.0"/>
            </SpectralDomainTir>
            <SpectralIntervals>
                <SpectralIntervalsProperties bandNumber="0"
                    deltaLambda="0.0" meanLambda="0.39999999999999997" spectralDartMode="0"/>
                <SpectralIntervalsProperties bandNumber="1"
                    deltaLambda="0.0" meanLambda="0.5" spectralDartMode="0"/>
                <SpectralIntervalsProperties bandNumber="2"
                    deltaLambda="0.0" meanLambda="0.6" spectralDartMode="0"/>
                <SpectralIntervalsProperties bandNumber="3"
                    deltaLambda="0.0" meanLambda="0.7" spectralDartMode="0"/>
                <SpectralIntervalsProperties bandNumber="4"
                    deltaLambda="0.0" meanLambda="0.7999999999999999" spectralDartMode="0"/>
                <SpectralIntervalsProperties bandNumber="5"
                    deltaLambda="0.0" meanLambda="0.8999999999999999" spectralDartMode="0"/>
                <SpectralIntervalsProperties bandNumber="6"
                    deltaLambda="0.0" meanLambda="0.9999999999999999" spectralDartMode="0"/>
                <SpectralIntervalsProperties bandNumber="7"
                    deltaLambda="0.0" meanLambda="1.0999999999999999" spectralDartMode="0"/>
                <SpectralIntervalsProperties bandNumber="8"
                    deltaLambda="0.0" meanLambda="1.2" spectralDartMode="0"/>
                <SpectralIntervalsProperties bandNumber="9"
                    deltaLambda="0.0" meanLambda="1.2999999999999998" spectralDartMode="0"/>
                <SpectralIntervalsProperties bandNumber="10"
                    deltaLambda="0.0" meanLambda="1.4" spectralDartMode="0"/>
                <SpectralIntervalsProperties bandNumber="11"
                    deltaLambda="0.0" meanLambda="1.5" spectralDartMode="0"/>
                <SpectralIntervalsProperties bandNumber="12"
                    deltaLambda="0.0" meanLambda="1.6" spectralDartMode="0"/>
                <SpectralIntervalsProperties bandNumber="13"
                    deltaLambda="0.0" meanLambda="1.6999999999999997" spectralDartMode="0"/>
                <SpectralIntervalsProperties bandNumber="14"
                    deltaLambda="0.0" meanLambda="1.7999999999999998" spectralDartMode="0"/>
                <SpectralIntervalsProperties bandNumber="15"
                    deltaLambda="0.0" meanLambda="1.9" spectralDartMode="0"/>
                <SpectralIntervalsProperties bandNumber="16"
                    deltaLambda="0.0" meanLambda="2.0" spectralDartMode="0"/>
                <SpectralIntervalsProperties bandNumber="17"
                    deltaLambda="0.0" meanLambda="2.0999999999999996" spectralDartMode="0"/>
                <SpectralIntervalsProperties bandNumber="18"
                    deltaLambda="0.0" meanLambda="2.1999999999999997" spectralDartMode="0"/>
                <SpectralIntervalsProperties bandNumber="19"
                    deltaLambda="0.0" meanLambda="2.3" spectralDartMode="0"/>
                <SpectralIntervalsProperties bandNumber="20"
                    deltaLambda="0.0" meanLambda="2.4" spectralDartMode="0"/>
                <SpectralIntervalsProperties bandNumber="21"
                    deltaLambda="0.0" meanLambda="2.5" spectralDartMode="0"/>
            </SpectralIntervals>
            <temperatureAtmosphere atmosphericApparentTemperature="260.0"/>
            <ImageSideIllumination disableSolarIllumination="0"
                disableThermalEmission="0" sideIlluminationEnabled="0"/>
            <nodeIlluminationMode irradianceMode="0">
                <irradianceDatabaseNode databaseName="Solar_constant.db"
                    irradianceColumn="irradiance"
                    irradianceTable="TOASolar_THKUR"
                    weightAtmosphereParameters="1" weightReflectanceParameters="1">
                    <WeightingParameters sceneAverageTemperatureForPonderation="300.0"/>
                </irradianceDatabaseNode>
                <SpectralIrradiance>
                    <CommonParameters commonIrradianceCheckBox="1"
                        commonSkylCheckBox="1" irraDef="0"/>
                    <SpectralIrradianceValue Skyl="0" bandNumber="0" irradiance="0"/>
                    <SpectralIrradianceValue Skyl="0" bandNumber="1" irradiance="0"/>
                    <SpectralIrradianceValue Skyl="0" bandNumber="2" irradiance="0"/>
                    <SpectralIrradianceValue Skyl="0" bandNumber="3" irradiance="0"/>
                    <SpectralIrradianceValue Skyl="0" bandNumber="4" irradiance="0"/>
                    <SpectralIrradianceValue Skyl="0" bandNumber="5" irradiance="0"/>
                    <SpectralIrradianceValue Skyl="0" bandNumber="6" irradiance="0"/>
                    <SpectralIrradianceValue Skyl="0" bandNumber="7" irradiance="0"/>
                    <SpectralIrradianceValue Skyl="0" bandNumber="8" irradiance="0"/>
                    <SpectralIrradianceValue Skyl="0" bandNumber="9" irradiance="0"/>
                    <SpectralIrradianceValue Skyl="0" bandNumber="10" irradiance="0"/>
                    <SpectralIrradianceValue Skyl="0" bandNumber="11" irradiance="0"/>
                    <SpectralIrradianceValue Skyl="0" bandNumber="12" irradiance="0"/>
                    <SpectralIrradianceValue Skyl="0" bandNumber="13" irradiance="0"/>
                    <SpectralIrradianceValue Skyl="0" bandNumber="14" irradiance="0"/>
                    <SpectralIrradianceValue Skyl="0" bandNumber="15" irradiance="0"/>
                    <SpectralIrradianceValue Skyl="0" bandNumber="16" irradiance="0"/>
                    <SpectralIrradianceValue Skyl="0" bandNumber="17" irradiance="0"/>
                    <SpectralIrradianceValue Skyl="0" bandNumber="18" irradiance="0"/>
                    <SpectralIrradianceValue Skyl="0" bandNumber="19" irradiance="0"/>
                    <SpectralIrradianceValue Skyl="0" bandNumber="20" irradiance="0"/>
                    <SpectralIrradianceValue Skyl="0" bandNumber="21" irradiance="0"/>
                </SpectralIrradiance>
            </nodeIlluminationMode>
        </DartInputParameters>
        <DartProduct>
            <dartModuleProducts>
                <CommonProducts polarizationProducts="0" radiativeBudgetProducts="1">
                    <radiativeBudgetProperties binaryFormat="0"
                        budget2DParType="0" budget3DParSurface="0"
                        budget3DParType="0" budgetTotalParType="0"
                        budgetUnitModeR="0" extrapolation="1"
                        fIRfARfSRfINTR1DProducts="0"
                        fIRfARfSRfINTR2DProducts="0" fIRfARfSRfINTR3DProducts="1">
                        <Components>
                            <CellComponents absorbed="1" backEntry="0"
                                backExit="0" bottomEntry="0"
                                bottomExit="0" emitted="0"
                                frontEntry="0" frontExit="0"
                                intercepted="1" leftEntry="0"
                                leftExit="0" rightEntry="0"
                                rightExit="0" scattered="1" topEntry="0"
                                topExit="0" totalEntry="0" totalExit="0"/>
                            <ElementComponents absorbed="1" emitted="0"
                                intercepted="1" scattered="1"/>
                        </Components>
                    </radiativeBudgetProperties>
                </CommonProducts>
                <FluxTrackingModeProducts allIterationsProducts="0"
                    brfProducts="1" order1Products="0" temperaturePerTrianglePerCell="0">
                    <BrfProductsProperties brfProduct="0"
                        centralizedBrfProduct="0" extrapolation="1"
                        horizontalOversampling="1" image="1"
                        luminanceProducts="0" maximalThetaImages="1"
                        nb_scene="1" projection="0"
                        sensorOversampling="1" sensorPlaneprojection="0" transmittanceImages="0">
                        <ExpertModeZone_Etalement etalement="1"/>
                    </BrfProductsProperties>
                </FluxTrackingModeProducts>
            </dartModuleProducts>
            <maketModuleProducts MNEProducts="0" areaMaketProducts="0"
                coverRateProducts="0" laiProducts="0" objectGeneration="0"/>
        </DartProduct>
        <SensorImageSimulation importMultipleSensors="0"/>
    </Phase>
</DartFile>
